Month,DAY_TYPE,APPLIANCE_TYP,,,,,,,,,,,,,,,,,,,,,,,,
0,working_day,0,298.3,281.3,293.5,279.8,275.3,271.9,288.3,291.3,314.9,302.4,298.1,294.2,306,306.6,308.4,313.2,317.3,341.2,333.3,335.9,335.8,318.7,328.6,300.3
0,working_day,1,31,22.2,43.6,59.8,79.5,88.9,135.6,436.3,319.8,256.4,235.2,300.2,403.2,343.7,250.4,328.1,496.8,874,747.9,534.9,363.2,244.1,130.5,64.4
0,working_day,2,241.7,133,98.2,98.5,86.4,123.5,220.8,560.3,629.9,397,297.4,238.2,230.9,218.3,221.5,288.2,634.5,1106.6,1165.9,1103.3,989.4,863.4,723.5,444.3
0,working_day,3,447.4,292.1,200.9,179.5,170.7,167.5,211.3,392.2,455,406,441.8,444.9,484.2,606,664,707.7,863.6,974.9,1069.1,1050.4,1076.7,1048,936.2,707.2
0,working_day,4,159.4,139.2,119.4,115,113.8,113.8,114.3,124.4,161.4,179.9,202,210.3,210.2,212.1,219.5,235.2,242.3,251.5,268.8,273.1,272,255.2,232.5,208.3
0,working_day,5,224.9,161.5,43.1,28.2,17.6,9,36.4,198.1,321.9,522.8,601.2,469.7,526.9,432.9,365.1,355.3,431.9,369.8,357.3,466.1,563.9,405,255.5,195
0,working_day,6,33,35.7,34.2,101.2,104.9,56.2,57.1,75.3,75.3,48.6,37.3,36.3,35.2,35.2,40.4,36.7,47.8,82.5,92.9,62,72.4,67.2,59.3,48.5
0,working_day,7,0,0,0,0,0,0,0,0,0,0,0,0,0,0,0,0,0,0,0,0,0,0,0,0
0,working_day,8,91,90.2,87.8,86.2,82.6,81.8,100.6,134.1,137.1,97,117.5,126.7,127.7,127.5,121,99.9,98.7,116.5,125,102.7,102.5,110.5,96.7,90.6
0,working_day,9,575.2,560.9,561.9,542.5,600.4,640.4,708.8,797.1,754.9,825.5,779.5,835.1,788.3,806.1,852.2,753.4,925.9,1347.5,1329.6,1287.9,1207.9,1063.2,853.7,664.9
0,working_day,10,42.6,12.1,0,0,0,31.8,226.9,325.1,247.2,66.5,63.9,53.5,58.1,83.7,38.6,30.3,26.4,95.9,117.2,196.9,122.9,124.7,45.6,48.6
0,holiday,0,298.7,281.6,276.4,286.9,275.2,283.2,272.4,309.6,300.6,307.2,306,293.7,302.6,332.5,334.5,310.4,326.7,335.2,347.3,337.4,340.2,321.7,328.8,312
0,holiday,1,45.4,31.3,23.6,32.5,37.3,45,96.2,214.3,324.4,400.8,567,523,758.6,554.5,417.2,396.6,587.9,838.6,703.6,389,251,200.9,169.2,73
0,holiday,2,322.1,193.7,138.1,121.7,99.6,120,123.6,217.7,336.3,328.9,310.3,283.5,300,285.4,289.7,370.7,655.7,1092.4,1120.8,1005.1,904.7,814,721.7,493.2
0,holiday,3,502.5,374.6,273.6,224.5,186.4,179.2,184.7,212.1,317.1,449.2,528.2,541.4,632.1,762.3,820.4,863,990.4,1082,1115.8,1094.2,1137,1078.7,930.4,708
0,holiday,4,167,145.9,133.8,124.2,123.4,119.7,121.6,122.2,138.7,167.4,189.1,204.2,217.8,221.8,228.2,238.8,248.8,243.3,251.2,255.9,249.1,242.6,240,200.7
0,holiday,5,161.3,88.6,62.4,21,13.6,5.1,3.5,21.4,134.6,529,809.1,767.1,835.8,758.2,740.6,758.9,607.2,478.3,455.7,486.9,424.7,328.3,354.4,146.1
0,holiday,6,36,29.5,34.9,106.5,89.2,54.6,66.4,81.3,61.3,43.6,30.6,43.6,31.6,46.7,39.3,57.3,72.6,92.2,65.6,67.2,88.2,67.1,49.2,42.3
0,holiday,7,0,0,0,0,0,0,0,0,0,0,0,0,0,0,0,0,0,0,0,0,0,0,0,0
0,holiday,8,113.9,116.1,118.3,112.6,106.4,106,109.9,109.2,119.4,148.3,178.7,148.3,149.4,159.6,149.7,133.7,151.4,171.4,155.2,155,152.4,146.3,154,124.6
0,holiday,9,691.6,645.2,586.9,577.3,581.4,567.8,656.6,686.3,721.2,918.9,997.3,1199.3,1209.8,1186.5,1037.1,1105,1172.7,1446,1338.8,1349.8,1212.3,1091.5,994.2,837.6
0,holiday,10,14,23.4,29.8,1.5,0,0,0,27.4,94.8,267.2,106.5,264,214.1,164.9,119,41.1,30.3,233.4,151.7,70.6,31.7,18.7,58.9,25.9
0,coldest,0,263.84,251.08,232.72,212.56,261.88,242.48,200.2,225.02,231.88,222.76,267.58,293.28,271.32,252.12,261.26,285.66,298.34,300.38,301.66,246.94,246.74,331.02,259.66,222.76
0,coldest,1,125.16,243.5,168.78,125.56,119.92,181.02,199.28,258.1,342.7,404.6,368.82,226.54,373.76,273.98,248.1,335.96,234.32,813.38,840.66,630.16,306.04,127.2,117.98,73.64
0,coldest,2,305.32,262.36,157.2,60.88,80.52,113.64,255.1,505.98,615.98,449.98,384.04,228.34,181.68,276.06,227.44,403.52,820.36,1497.64,1673.28,1530.56,1082.06,1070.62,1046.26,614.16
0,coldest,3,495.18,383.76,262.54,224.4,220.92,205.32,286.3,527.54,629.06,585.26,556.4,715.84,937.3,959.26,939.46,945.12,950.58,1219.62,1322.38,1226.18,1112.78,985.76,943.38,835.18
0,coldest,4,182.76,171.82,156.78,138.22,139.28,135.32,135.46,157.02,158.06,162.02,167.62,210.34,185.54,190.24,180.1,183.08,226.76,230.9,266.46,266.44,229.1,244.52,204.02,213.58
0,coldest,5,4.58,357.5,77.92,4.26,4.2,6.06,220.12,285.78,491,437.68,786.06,969.9,801.68,1232.58,584.62,505.02,227.74,702.62,287.6,310.26,120.32,98.34,286.24,44.12
0,coldest,6,1.56,4.72,7.72,163.28,55.94,85.16,10.64,18.04,28.56,28.7,31.34,117.04,33.56,15.38,16.44,15.98,10.44,10.06,13.56,9.16,26.36,17.9,11.4,4.4
0,coldest,7,0,0,0,0,0,0,0,0,0,0,0,0,0,0,0,0,0,0,0,0,0,0,0,0
0,coldest,8,23.82,74.2,55.94,36.82,37.72,38.08,36.1,41.42,45.6,38.96,81.66,82.12,96.06,145.22,67.26,68.12,73.02,128.94,164.58,105.18,86.54,84.64,110.26,43.84
0,coldest,9,1249.08,823.62,1151.42,1026.68,924.28,1096.5,1224.12,1434.5,1850.88,2101.92,1749.72,2230.64,1827.74,2301.14,1572.86,1497.26,1785.04,2581.14,2501.98,2685.64,2311.66,2188.08,1714.18,1542.6
0,coldest,10,167.44,0.22,0,0,0,65.34,38.86,0,332.62,371.7,206.48,18.08,0,0.02,0,0,0,0,217.94,9.08,0,0,81.22,84.8
1,working_day,0,328.2340909,330.375,310.1022727,318.8272727,319.4272727,311.7477273,302.8386364,324.0477273,329.6977273,323.5090909,321.15,337.625,338.9818182,345.2227273,347.5909091,345.1,345.2863636,360.0045455,361.5159091,370.1886364,347.2909091,352.5295455,351.6227273,334.2409091
1,working_day,1,46.31136364,38.35,47.43181818,63.80227273,79.93409091,68.48636364,136.1,520.1090909,433.9704545,317.3477273,265.8977273,407.2204545,470.0659091,404.4431818,346.0113636,384.2045455,568.6545455,824.5363636,833.0568182,589.2068182,358.4659091,200.35,191.3909091,116.8886364
1,working_day,2,253.9363636,136.8772727,104.1227273,92.61363636,99.00909091,128.8272727,204.575,520.0431818,576.0613636,363.5954545,278.5818182,260.2886364,278.4681818,245.9931818,248.2227273,280.2931818,450.125,865.2340909,1221.45,1288.011364,1092.618182,975.45,813.4522727,537.4795455
1,working_day,3,411.3818182,266.725,208.5977273,184.4295455,178.9931818,178.2840909,217.8909091,386.5840909,510.6681818,509.3704545,510.7772727,488.7181818,526.6409091,640.5204545,682.4659091,722.6568182,843.9431818,945.7295455,1083.868182,1017.988636,1058.179545,1077.838636,944.1181818,686.6568182
1,working_day,4,174.3181818,154.1431818,138.7545455,132.3659091,130.3477273,129.4,128.3204545,150.7136364,193.4090909,207.6886364,226.9181818,238.2772727,240.2363636,241.5840909,257.6954545,259.7477273,290.8068182,310.9340909,310.9568182,309.0522727,314.4931818,292.1522727,263.3454545,221.6454545
1,working_day,5,339.5613636,166.0045455,34.55227273,12.85227273,4.802272727,4.059090909,12.05681818,220.1409091,538.3545455,583.3477273,574.0045455,568.4136364,490.7886364,538.6659091,371.4,417.8545455,394.2090909,457.1727273,322.6977273,399.3840909,567.5363636,327.7363636,275.4022727,361.0340909
1,working_day,6,4.820454545,3.638636364,3.527272727,101.8363636,125.1909091,17.28409091,36.73636364,34.07272727,29.59772727,25.11590909,20.01590909,21.425,19.33181818,17.75,18.45454545,17.65,19.78863636,20.68409091,19.50454545,17.525,18.78863636,17.11590909,14.45909091,10.14318182
1,working_day,7,2.384090909,2.306818182,2.375,2.345454545,2.35,2.375,6.859090909,15.31363636,7.768181818,7.720454545,7.413636364,7.331818182,7.340909091,7.079545455,8.531818182,9.690909091,10.35681818,10.25909091,10.82727273,10.48409091,5.202272727,4.236363636,3.004545455,2.415909091
1,working_day,8,64.20454545,62.41818182,63.43409091,63.43409091,64.74545455,78.77954545,81.57272727,115.4818182,126.9295455,87.17954545,98.91136364,134.1704545,114.5659091,112.7977273,100.0181818,112.7659091,110.4818182,91.77272727,81.02954545,77.05,85.35909091,85.48181818,81.77727273,68.16590909
1,working_day,9,461.5818182,444.3613636,426.7204545,374.9,439.5363636,491.7590909,596.825,648.9136364,690.3613636,734.6568182,749.5727273,705.6840909,681.5568182,701.1477273,770.3227273,664.4977273,781.7681818,997.575,1175.077273,1178.640909,992.7227273,955.525,712.5227273,570.1795455
1,working_day,10,9.334090909,5.095454545,1.234090909,0,0,0,196.2636364,232.7590909,260.2704545,105.2636364,84.99772727,44.84545455,58.18409091,42.50909091,53.56363636,27.04545455,34.87954545,86.97045455,60.79545455,146.0409091,93.28863636,61.36363636,80.2,39.22727273
1,holiday,0,362.2128205,347.9307692,340.3435897,340.9128205,329.9487179,330.6179487,322.0076923,346.2,345.425641,349.4076923,348.9717949,366.7692308,382.3,366.7615385,358.2641026,360.2153846,369.3564103,389.7666667,384.8179487,376.4230769,382.7,372.7897436,366.4692308,355.5666667
1,holiday,1,74.95384615,59.57948718,42.29487179,45.34358974,37.19230769,70.05384615,130.1794872,282.974359,487.9871795,482.674359,473.525641,674.2128205,1155.084615,924.1769231,496.9051282,556.6153846,627.8128205,1023.341026,1149.289744,733.774359,442.5641026,251.1666667,129.3153846,94.63076923
1,holiday,2,421.6358974,219.2769231,158.9333333,125.6666667,128.8102564,146.0769231,167.6076923,303.9897436,487.3794872,428.9435897,383.5,375.3615385,359.9769231,385.9358974,347.4769231,397.6820513,501.2538462,930.7923077,1246.44359,1302.625641,1144.482051,996.5846154,854.9410256,592.9589744
1,holiday,3,556.6974359,365.8384615,274.3,212.3153846,201.6358974,201.0205128,207.5538462,246.5641026,413.674359,572.4846154,641.7102564,644.7846154,645.0153846,727.4512821,808.6461538,882.1692308,1020.461538,1065.458974,1126.748718,1110.130769,1119.428205,1078.792308,970.2410256,810.3205128
1,holiday,4,189.6179487,159.9820513,149.0794872,140.5564103,142.7282051,146.0897436,149.7589744,146.2230769,166.0974359,209.5871795,262.4589744,284.8666667,284.0410256,279.9025641,284.2615385,294.9025641,300.0615385,311.6820513,304.8717949,331.3717949,322.3948718,304.7,270.4333333,218.4615385
1,holiday,5,250.9333333,92.97692308,95.49230769,20.17179487,4.328205128,4.297435897,50.68205128,87.22307692,602.0282051,850.5435897,773.6692308,960.1128205,1001.138462,864.8153846,1013.894872,657.4205128,497.5897436,572.0820513,304.9410256,482.3974359,389.9410256,419.8641026,448.2717949,322.7282051
1,holiday,6,3.68974359,3.156410256,3.205128205,113.725641,150.4641026,37.34358974,25.72820513,40.32051282,22.18717949,57.33076923,69.97435897,22.90512821,20.89230769,21.96666667,21.65641026,21.29230769,24.58461538,23.37692308,20.29487179,23.86410256,22.97435897,18.82564103,18.48974359,10.32564103
1,holiday,7,2.769230769,2.769230769,2.697435897,2.769230769,2.769230769,2.769230769,6.974358974,15.79487179,6.6,7.135897436,11.64358974,11.68717949,12.2025641,12.53333333,12.48974359,10.37948718,8.361538462,10.58974359,14.26153846,7.871794872,4.684615385,2.38974359,2.307692308,2.574358974
1,holiday,8,48.11282051,48.08461538,50.11538462,48.83846154,50.09487179,51.21282051,56.66153846,60.94615385,64.87179487,119.2307692,113.9897436,121.474359,126.4820513,104.5538462,93.38205128,97.90769231,119.3666667,91.26153846,89.72307692,99.33333333,86.33333333,94.35897436,77.88717949,54.66923077
1,holiday,9,592.7538462,475.2615385,458.2384615,431.5179487,449.274359,482.2358974,578.0769231,597.2333333,689.874359,724.5846154,996.4615385,822.7948718,897.4692308,984.9589744,1140.125641,952.874359,902.0794872,1041.728205,1110.723077,986.5641026,956.9025641,817.4461538,840.4923077,658.074359
1,holiday,10,51.12564103,8.074358974,1.694871795,0,0,0,22.80769231,53.84358974,92.22051282,171.2897436,369.7666667,168.7384615,45.57435897,77.07948718,100.7435897,70.03076923,34.05641026,148.8128205,56.02307692,125.2102564,51.62564103,24.72051282,93.76153846,21.75384615
2,working_day,0,299.7390244,295.8292683,291.9804878,285.1170732,286.8414634,290.102439,289.4341463,293.7804878,304.6146341,298.2243902,311.1560976,308.7780488,319.5439024,315.4463415,317.8390244,334.1731707,331.8390244,336.297561,338.8341463,336.3390244,330.1268293,325.7,321.7414634,313.3268293
2,working_day,1,57.6097561,43.67804878,61.01463415,60.12439024,56.85853659,57.9,206.4926829,401.3560976,378.7170732,363.5121951,240.2365854,329.4536585,384.6097561,301.8195122,276.5268293,309.0390244,554.397561,910.3,967.6414634,652.0073171,361.6414634,280.3219512,144.6341463,91.85853659
2,working_day,2,213.7658537,127.304878,91.73902439,88.55853659,91.36341463,146.6804878,159.797561,298.7512195,304.8,215.0146341,155.597561,149.1243902,136.2317073,125.2170732,136.2756098,152.0341463,208.5585366,369.9341463,849.2853659,1128.839024,1100.707317,1023.834146,770.7317073,482.7878049
2,working_day,3,363.3195122,217.1073171,185.4073171,177.9804878,171.3317073,179.5731707,247.0195122,404.7512195,535.0536585,487.5780488,505.5170732,494.1731707,505.4317073,609.897561,628.4560976,686.0560976,743.5829268,838.1804878,997.8634146,973.6341463,986.5365854,967.7853659,824.0756098,614.6439024
2,working_day,4,184.7560976,158.1341463,144.7682927,144.3487805,142.4853659,144.7756098,153.2121951,186.704878,219.6731707,226.3390244,244.6926829,251.0073171,248.2365854,249.9731707,260.5682927,278.1341463,303.0121951,313.4682927,316.6268293,338.304878,337.7292683,329.1829268,297.2585366,235.2097561
2,working_day,5,261.4121951,99.04146341,15.13414634,17.86829268,12.83658537,13.69512195,76.39756098,337.6609756,540.4560976,616.9804878,505.204878,420.1317073,373.2414634,309.5292683,291.3195122,386.7853659,315.0170732,252.0926829,350.3073171,474.4756098,381.8878049,267.3829268,323.9219512,257.1317073
2,working_day,6,6.66097561,5.514634146,5.519512195,72.3804878,79.76341463,26.37317073,28.28780488,52.2804878,40.19512195,30.15609756,26.68292683,24.93414634,23.96097561,24.00487805,22.12682927,20.48536585,21.30243902,28.07317073,28.23658537,26.01219512,25.86097561,27.10243902,24.7902439,13.39268293
2,working_day,7,0,0,0,0,0,0,0,0,0,0,0,0,0,0,0,0,0,0,0,0,0,0,0,0
2,working_day,8,55.18780488,59.75121951,58.72682927,56.31707317,55.75853659,59.0902439,75.33414634,109.1585366,130.6414634,86.94390244,108.1170732,124.4780488,92.33658537,82.62926829,103.5317073,91.3804878,100.7341463,107.7146341,81.15609756,84.63414634,69.84390244,76.84146341,83.33658537,70.92682927
2,working_day,9,550.2243902,493.7195122,414.6219512,408.9878049,439.9146341,533.595122,692.0926829,806.0878049,716.8463415,791.397561,781.6829268,730.904878,651.5365854,690.6390244,608.797561,673.4682927,730.2658537,1010.309756,1011.565854,940.9731707,961.2097561,1017.892683,818.8292683,661.795122
2,working_day,10,20.1804878,4.073170732,0,3.643902439,1.692682927,3.702439024,112.9829268,288.6634146,266.0268293,139.1878049,123.3219512,67.14146341,60.35365854,20.22439024,22.3195122,69.54146341,30.70487805,19.84634146,97.5195122,93.06585366,119.3195122,42.48536585,41.5804878,35.8195122
2,holiday,0,319.6923077,310.5923077,295.3025641,299.1974359,294.5410256,291.2512821,293.925641,310.1589744,300.2923077,307.6,334.9692308,314.6641026,331.6641026,354.0435897,334.2589744,323.8820513,338.9846154,360.1461538,360.225641,338.4461538,327.8179487,350.0307692,326.7282051,318.0230769
2,holiday,1,102.9717949,50.17179487,79.61794872,39.52820513,53,80.84102564,103.3615385,359.7974359,382.4025641,365.1948718,385.6179487,481.8615385,714.6384615,667.6102564,490.2974359,426.5051282,690.7692308,763.3820513,865.1641026,561.0641026,242.1102564,222.9897436,166.6769231,110.4794872
2,holiday,2,318.5410256,212.8333333,155.8230769,108.5641026,119.0666667,112.2128205,111.3102564,169.0717949,240.0769231,222.3564103,191.1589744,169.6179487,167.4820513,208.8307692,194.1512821,212.0948718,264.4102564,382.0717949,740.3230769,983.0153846,930.2076923,839.2051282,694.0358974,477.1051282
2,holiday,3,427.0410256,261.5230769,196.4230769,182.0307692,164.9307692,166.9128205,181.2102564,246.9128205,414.4512821,539.5128205,494.1512821,468.7717949,563.1923077,643.5948718,671.1923077,718.7641026,816.8307692,886.7128205,950.0128205,992.1,959.9025641,896.9692308,778.3666667,586.7384615
2,holiday,4,196.825641,172.2948718,156.2487179,151.3871795,152.4358974,150.2051282,150.1820513,158.0589744,192.6076923,229.2538462,243.8333333,248.5615385,244.5179487,252.8615385,354.1487179,278.8794872,278.2128205,281.9102564,279.7769231,301.6564103,307.725641,293.7435897,263.0666667,214.1666667
2,holiday,5,287.7102564,123.1435897,66.60769231,32.32564103,20.32307692,24.46153846,24.05641026,157.2641026,396.7307692,553.6948718,354.5461538,730.8512821,669.8282051,827.7512821,516.1128205,517.7333333,389.274359,497.9717949,492.4410256,658.9461538,310.0153846,298.1076923,170.1,263.7871795
2,holiday,6,10.57179487,10,10.09487179,69.78205128,69.48205128,23.35128205,33.12820513,49.62820513,39.18205128,23.16153846,18.98974359,16.9974359,12.98717949,9.648717949,13.40769231,17.92307692,21.05897436,30.07435897,26.92820513,23.52564103,27.22820513,34.53589744,30.3025641,8.487179487
2,holiday,7,0,0,0,0,0,0,0,0,0,0,0,0,0,0,0,0,0,0,0,0,0,0,0,0
2,holiday,8,105.5692308,56.98717949,55.32051282,56.08205128,58.41794872,55.44615385,58.69230769,104.5538462,87.56410256,131.9076923,149.9512821,121.7666667,163.8666667,217.3538462,137.9102564,150.2666667,236.9538462,130.625641,110.9923077,136.7128205,85.72051282,77.09487179,74.47692308,65.73333333
2,holiday,9,656.7128205,506.225641,474.8794872,441.5076923,501.5230769,491.5769231,597.2,617.9923077,826.8974359,1045.035897,990.8871795,948.1435897,961.8769231,1003.712821,900.6871795,1021.679487,945.5076923,1107.266667,1112.158974,925.5615385,966.9948718,1029.841026,743.874359,680.0794872
2,holiday,10,20,38.85897436,0,0,0,0,0,16.69487179,85.45641026,63.6974359,30.73846154,56.05641026,225.6564103,88.66923077,130.8487179,205.1974359,75.76666667,58.36666667,138.2538462,100.6923077,15.82820513,85.8,10.14615385,52.06153846
3,working_day,0,353.028,346.138,337.672,342.546,333.734,340.698,330.174,344.356,345.438,342.202,346.888,366.14,357.542,373.498,379.664,385.426,387.472,406.736,400.686,386.332,377.636,375.02,364.99,363.846
3,working_day,1,36.558,75.456,71.276,65.696,73.73,114.818,328.764,404.438,480.542,327.292,376.92,366.348,349.532,287.026,332.152,365.7,604.084,934.23,555.776,321.546,261.69,164.97,127.812,93.906
3,working_day,2,181.382,108.246,89.19,87.008,110.602,111.478,133.002,181.1,138.966,110.352,90.15,106.428,113.276,95.332,92.294,94.314,110.702,144.462,231.616,476.31,701.716,769.062,584.714,364.434
3,working_day,3,238.182,171.26,164.824,160.144,151.892,186.234,276.296,344.93,449.774,535.52,491.75,409.22,478.098,461.844,498.898,571.908,635.472,695.542,787.302,827.858,861.68,810.59,645.954,394.508
3,working_day,4,124.94,105.874,99.08,98.088,97.236,102.508,119.832,152.936,178.188,211.864,225.638,234.088,242.634,231.968,237.334,244.206,252.366,255.328,258.254,259.418,254.378,232.34,189.634,144.798
3,working_day,5,116.814,33.064,5.388,21.564,48.404,102.894,211.1,350.278,424.328,565.25,355.61,344.526,356.062,310.824,219.182,241.466,356.588,284.538,274.148,221.542,254.89,184.248,186.584,193.248
3,working_day,6,5.442,5.11,5.222,95.336,191.842,45.458,118.76,146.636,34.934,39.858,44.71,33.208,19.604,29.39,42.498,44.778,97.918,55.798,42.582,41.912,27.868,23.13,11.762,6.608
3,working_day,7,0.238,0.038,0.062,0.006,0.458,0.414,1.066,1.1,1.466,0.598,0.612,0.196,0.764,0.21,0,0.162,0.22,0.12,0,0.18,0,0.248,4.582,2
3,working_day,8,52.722,49.364,47.444,52.064,52.232,58.218,75.166,96.892,126.804,184.11,110.208,136.022,112.936,111.402,96.566,91.272,125.718,102.06,79.608,78.596,72.538,65.414,61.014,55.106
3,working_day,9,424.694,388.816,390.478,436.062,521.88,512.35,722.542,700.902,799.744,837.934,756.322,617.752,620.47,546.534,546.024,473.806,528.258,643.736,644.308,712.65,711.614,643.394,544.3,520.848
3,working_day,10,33.978,0.036,3.338,0,16.406,74.87,117.614,367.322,172.004,125.102,98.26,101.872,130.912,47.578,16.76,69.962,46.958,71.638,38.418,88.572,66.782,35.398,63.03,129.14
3,holiday,0,369.468,376.776,358.476,355.256,353.56,340.412,352.272,354.888,360.134,362.084,381.648,388.078,400.998,393.51,405.9,419.894,402.594,413.812,417.048,406.64,404.922,383.392,395.184,386.624
3,holiday,1,34.426,37.458,75.686,57.384,44.302,89.75,208.154,306.278,433.462,452.036,389.904,695.002,654.574,373.774,220.502,364.972,606.192,747.464,455.682,258.892,204.312,103.304,100.228,72.006
3,holiday,2,200.4,124.288,106.71,91.414,107.25,88.598,105.052,128.618,89.95,112.016,108.314,112.854,113.464,114.572,104.212,88.958,100.19,123.826,176.816,421.066,658.532,739.048,568.594,349.924
3,holiday,3,242.04,175.094,163.09,154.976,149.732,155.222,186.964,268.58,392.152,445.068,451.946,446.686,445.806,471.776,477.972,509.248,550.454,635.626,700.83,773.828,823.416,769.342,591.324,392.296
3,holiday,4,121.458,105.084,101.616,99.522,97.014,98.136,103.992,129.746,162.752,191.198,202.8,215.612,223.634,219.824,217.974,218.49,235.904,241.136,238.95,243.242,244.648,217.056,172.368,136.192
3,holiday,5,143.35,24.046,6.69,16.14,36.58,87.286,118.418,248.476,489.872,550.494,625.408,381.112,447.55,301.944,247.816,255.828,324.26,329.264,169.308,223.104,278.186,253.992,175.418,156.178
3,holiday,6,5.282,5.132,5.206,99.892,189.708,25.682,190.964,128.17,163.75,43.226,32.8,37.364,32.298,42.27,85.66,24.198,76.606,50.486,49.152,40.61,14.278,19.076,11.336,5.836
3,holiday,7,0.37,0.042,0.008,0.404,0.18,0.506,0.368,1.214,1.344,0.838,0.82,0.026,0.14,0.634,0.104,0.166,0,0,0,0,0,0.958,3.818,2.092
3,holiday,8,52.17,58.084,51.382,52.208,57.802,46.28,57.928,64.858,98.358,121.362,152.466,104.626,93.866,106.75,110.232,123.07,142.09,74.03,72.304,66.816,78.588,76.87,55.17,54.344
3,holiday,9,467.344,426.572,421.312,422.302,406.91,541.346,471.96,603.742,667.178,1076.976,868.97,937.548,820.126,719.024,666.048,590.44,717.08,624.318,694.726,748.03,620.276,714.054,604.23,540.08
3,holiday,10,0.548,1.616,0.066,0,0,0,21.932,143.202,229.016,99.574,155.514,214.7,111.66,61.89,122.81,77.748,61.552,26.76,27.838,32.086,64.984,57.268,41.578,160.39
4,working_day,0,363.1661017,353.1508475,361.7711864,360.9983051,346.4,334.7627119,348.7881356,369.6830508,357.6,361.8559322,360.3389831,379.5762712,374.6338983,374.7050847,386.5288136,399.5084746,408.9694915,398.5355932,410.2118644,429.5491525,399.9237288,384.9508475,387.0322034,398.4610169
4,working_day,1,34.59830508,38.52033898,68.07966102,47.28474576,40.37457627,75.88135593,225.8457627,361.7474576,514.4186441,194.7389831,171.8542373,225.2966102,286.4118644,215.4966102,211.0762712,376.7830508,553.4745763,572.8661017,660.320339,455.2338983,431.4491525,242.1305085,173.6152542,68.55932203
4,working_day,2,209.9067797,118.3220339,93.6,86.91186441,102.6016949,95.47457627,115.2135593,175.0220339,172.5694915,146.4728814,119.5254237,125.9372881,134.1288136,111.7932203,109.3966102,108.3050847,141.3491525,155.1440678,230.6525424,323.940678,519.2644068,733.0186441,660.9474576,453.8169492
4,working_day,3,277.0033898,179.3016949,152.3983051,145.720339,142.3745763,152.6372881,211.8101695,327.8288136,374.4542373,326.3813559,303.1542373,331.3067797,422.0949153,458.9491525,484.8779661,507.6423729,644.179661,706.0152542,746.5728814,787.8101695,820.0220339,855.3847458,731.720339,481.5949153
4,working_day,4,121.3610169,106.6864407,99.42372881,95.87288136,94.98813559,93.06949153,101.2830508,137.7677966,170.3220339,186.3881356,184.3220339,205.9355932,217.9728814,215.6050847,227.4644068,238.2152542,257.1271186,258.1033898,276.1,277.559322,264.0322034,249.2983051,197.5644068,143.7949153
4,working_day,5,182.0728814,67.43389831,84.80677966,88.1779661,50.52711864,17.27288136,75.98983051,330.8135593,439.8474576,366.8576271,379.2169492,293.2220339,144.3220339,174.4661017,161.1389831,247.3627119,230.1033898,268.8186441,239.5372881,366.0271186,254.6457627,132.9118644,87.86101695,137.2372881
4,working_day,6,6.345762712,41.9559322,253.1389831,151.3711864,150.7762712,83.82033898,134.6474576,162.8813559,42.25084746,62.25084746,40.77288136,28.38305085,25.4,69.95932203,59.46440678,45.41864407,39.38644068,47.12033898,42.13898305,35.08305085,23.52033898,20.04067797,13.12711864,8.038983051
4,working_day,7,0.116949153,0.384745763,0.010169492,0.015254237,1.428813559,5.976271186,1.716949153,1.322033898,4.083050847,0.888135593,0.305084746,0.411864407,0.576271186,1.416949153,0.313559322,0.359322034,6.410169492,0.122033898,1.606779661,0.583050847,0.83559322,3.338983051,1.727118644,1.686440678
4,working_day,8,66.00508475,43.91694915,42.44067797,47.30508475,62.32542373,52.26610169,66.38305085,126.0932203,130.3,107.2491525,108.4288136,122.5338983,111.2847458,107.6644068,110.259322,143.2033898,182.3983051,131.0932203,101.6440678,80.94745763,82.34745763,62.87627119,58.75762712,64.39661017
4,working_day,9,467.2694915,421.5372881,410.3305085,425.2491525,433.5711864,422.9576271,549.3966102,628.6220339,655.5830508,564.7355932,570.8491525,502.0152542,509.9237288,518.0932203,483.7661017,509.3745763,577.7847458,610.7152542,643.5322034,612.3576271,719.8372881,670.8,641.3338983,622.8559322
4,working_day,10,5.147457627,1.206779661,2.337288136,0,2.288135593,21.19830508,88.72542373,320.7169492,233.9508475,146.2542373,80.31525424,41.91864407,41.85932203,15.23050847,22.43559322,24.65762712,30.81525424,61.68983051,67.88305085,43.50508475,70.2440678,18.34067797,24.86101695,156.2847458
4,holiday,0,386.2396825,376.9301587,350.9206349,367.1603175,362.9031746,343.1587302,349.4190476,349.4253968,351.468254,351.2349206,364.4634921,391.668254,406.7095238,397.8349206,410.1428571,422.4746032,396.315873,406.815873,406.8777778,400.0698413,388.3190476,373.4873016,379.0269841,403.4873016
4,holiday,1,34.54761905,24.7968254,38.92857143,69.6,32.22857143,53.97936508,107.684127,312.031746,355.9714286,391.7460317,498.0190476,532.6047619,526.9904762,502.6,319.2492063,230.3619048,446.3349206,582.8365079,490.5904762,434.752381,227.7587302,123.4571429,101.8428571,63.93968254
4,holiday,2,232.9984127,153.1888889,107.1825397,101.3777778,97.84285714,81.91269841,82.20952381,97.37142857,103.4666667,115.5619048,131.9603175,173.5269841,168.5952381,143.1507937,129.7920635,123.2571429,142.5063492,173.6460317,225.1333333,316.7888889,447.6380952,590.8253968,585.2095238,420.6507937
4,holiday,3,335.831746,222.9920635,174.0555556,152.0936508,141.1793651,139.4269841,163.4396825,210.2825397,328.6126984,384.5111111,447.8698413,434.7285714,466.3031746,514.2777778,511.4650794,538.7888889,575.9031746,661.4857143,682.3222222,732.0888889,799.8253968,797.8730159,720.6650794,526.4571429
4,holiday,4,124.0126984,106.6761905,95.58888889,90.59206349,89.52222222,88.76349206,91.13968254,104.5396825,137.1539683,166.8285714,184.0206349,206.7904762,210.3095238,203.5428571,207.7015873,224.2142857,230.3730159,232.9349206,228.8365079,245.8301587,238.0793651,223.5904762,187.1904762,142.6428571
4,holiday,5,137.6793651,122.1968254,59.81428571,94.32380952,75.55873016,41.40793651,84.41746032,88.33174603,233.7492063,468.0873016,595.2142857,698.0253968,574.4285714,418.0873016,359.8190476,381.8952381,306.2587302,213.6761905,300.6174603,236.0126984,179.5603175,302.852381,192.4968254,118.4888889
4,holiday,6,5.919047619,34.84761905,202.2095238,145.2968254,112.815873,48.9952381,106.6285714,95.54285714,89.10952381,44.0047619,40.06507937,31.4984127,29.2031746,55.29365079,47.63333333,52.72698413,58.38888889,47.63174603,37.65396825,38.55555556,58.19047619,23.77301587,14.32857143,7.734920635
4,holiday,7,0.507936508,0.428571429,0.4,0.396825397,0.766666667,1.904761905,0.763492063,3.693650794,4.377777778,2.142857143,1.493650794,1.426984127,0.723809524,1.355555556,0.220634921,1.906349206,5.941269841,0.084126984,0.379365079,0.433333333,1.107936508,1.8,4.104761905,1.06984127
4,holiday,8,53.93650794,56.5,47.23809524,44.20952381,51.57936508,51.93333333,46.18253968,52.59047619,101.4492063,117.7698413,152.7142857,195.1809524,201.3539683,153.6206349,110.347619,112.4031746,111.0444444,123.8920635,89.10634921,65.72222222,70.5031746,70.77142857,69.21111111,53.45079365
4,holiday,9,435.131746,418.5809524,425.1793651,376.3650794,411.1603175,372.3984127,402.5349206,514.3460317,551.2857143,942.2936508,732.0063492,810.9095238,651.4698413,641.2888889,578.4412698,532.3396825,624.352381,551.6714286,565.6428571,641.4746032,621.9031746,620.8142857,790.1952381,710.5285714
4,holiday,10,0,45.2031746,0,0,0,3.593650794,5.593650794,86.65555556,31.74761905,202.3634921,71.78412698,103.8714286,157.1492063,17.84444444,10.29365079,4.766666667,36.1952381,103.0793651,71.71746032,33.70952381,202.2571429,16.01587302,21.06984127,152.8301587
5,working_day,0,447.5013158,438.8289474,430.4552632,426.2513158,417.8894737,416.5236842,412.5763158,426.2276316,444.1921053,438.3026316,431.4118421,441.0552632,455.6565789,457.2789474,457.2921053,464.8263158,476.1763158,485.2144737,501.4973684,496.5802632,478.8868421,485.2013158,475.0302632,462.7197368
5,working_day,1,28.91184211,31.56710526,33.83684211,42.93421053,47.98289474,86.94078947,218.8842105,382.4026316,293.9671053,285.3697368,210.175,234.3486842,301.1302632,300.4013158,220.7460526,225.6789474,506.0184211,815.5460526,746.6842105,614.3092105,401.1263158,291.9421053,138.4315789,66.95526316
5,working_day,2,250.9526316,146.1618421,110.9578947,108.9684211,109.2381579,110.5105263,120.0013158,209.9171053,172.2552632,144.1657895,152.8026316,143.7894737,141.7671053,120.9394737,129.0855263,113.9065789,124.0434211,196.7539474,246.6907895,265.9789474,339.5157895,569.7144737,733.0434211,478.7342105
5,working_day,3,288.7184211,175.1605263,132.1881579,124.7868421,117.8078947,124.1539474,178.4315789,289.0039474,340.9763158,299.4881579,286.4434211,286.9421053,348.4526316,436.9776316,434.0447368,434.1960526,535.9434211,614.1907895,687.0947368,719.5236842,784.1618421,801.2447368,681.8789474,450.0092105
5,working_day,4,122.6263158,104.6407895,92.01184211,89.77763158,90.11578947,87.35657895,94.08684211,115.3342105,144.4973684,162.3644737,172.9473684,183.7421053,191.2065789,193.7078947,196.3052632,205.2960526,222.7092105,230.825,231.9697368,232.6868421,226.8026316,221.1657895,197.2907895,153.3671053
5,working_day,5,185.6013158,99.75131579,73.08684211,55.22368421,7.736842105,33.41184211,156.7723684,312.7842105,308.3131579,321.2407895,260.6065789,334.7486842,208.2302632,296.4460526,366.4855263,312.2118421,225.8236842,234.1789474,327.7473684,365.2776316,330.7881579,282.3197368,190.4578947,155.6723684
5,working_day,6,4.548684211,43.34342105,200.3197368,96.12236842,147.8289474,37.01842105,39.88421053,50.18421053,20.875,11.48157895,5.356578947,6.55,4.843421053,5.411842105,4.527631579,9.702631579,9.331578947,10.32894737,12.01578947,17.59342105,14.17236842,13.71184211,5.389473684,4.773684211
5,working_day,7,0.057894737,0.036842105,0.021052632,0.007894737,0.005263158,3.385526316,1.230263158,0.638157895,0.222368421,0.25,0.160526316,0.359210526,0.463157895,0.106578947,0.096052632,0.534210526,4.813157895,0.384210526,0.361842105,1.181578947,0.425,0.703947368,1.097368421,0.101315789
5,working_day,8,108.625,90.63815789,80.31052632,82.33815789,73.62763158,75.84473684,83.71447368,116.3934211,112.5447368,101.8,126.2776316,154.9013158,138.5539474,186.6815789,311.7842105,279.2907895,206.5723684,153.2631579,194.5013158,175.0671053,130.4368421,141.8407895,134.3368421,97.67368421
5,working_day,9,440.6184211,400.65,377.8315789,376.6052632,370.6131579,409.5105263,449.0855263,562.4723684,634.4763158,613.7947368,597.1973684,560.9671053,569.0855263,524.4315789,526.3973684,518.8105263,578.6039474,694.0328947,678.7815789,624.5881579,679.0197368,655.7105263,694.0065789,600.6355263
5,working_day,10,6.001315789,9.181578947,0,0,0,15.96710526,67.41184211,435.2855263,227.4907895,66.87631579,89.29605263,74.72368421,89.34078947,22.30921053,12.41447368,22.02105263,76.28289474,145.0302632,178.3223684,67.50657895,39.61710526,73.06578947,71.56842105,14.93684211
5,holiday,0,433.9743243,427.2959459,439.0797297,431.8959459,407.2202703,417.5932432,413.9432432,404.8391892,417.727027,444.0797297,440.0972973,435.1189189,469.55,465.1486486,468.227027,479.3310811,483.9175676,484.5972973,493.2756757,495.8756757,490.4432432,480.9486486,458.9594595,479.2716216
5,holiday,1,25.78378378,25.92837838,33.34594595,40.62162162,38.68243243,74.88108108,176.5621622,342.177027,367.1121622,402.6378378,383.3905405,368.6432432,358.0486486,446.3891892,294.1702703,263.5297297,385.8243243,667.6851351,674.6824324,487.9513514,340.9891892,234.8689189,133.7216216,78.17567568
5,holiday,2,307.7013514,188.6202703,144.4594595,118.6405405,111.8081081,106.9081081,93.72567568,129.027027,223.7986486,184.1135135,144.6797297,134.3216216,158.6513514,176.6540541,177.6121622,165.6797297,143.5986486,192.3216216,252.0337838,293.8013514,353.5932432,489.6594595,651.6608108,436.7027027
5,holiday,3,332.8013514,240.1162162,166.7108108,136.5527027,128.2756757,135.0756757,164.0581081,238.2391892,352.6554054,360.3067568,383.7675676,344.7243243,408.3621622,442.2810811,463.1959459,483.7391892,512.1094595,573.6108108,617.8797297,670.9148649,726.3121622,750.2648649,640.9662162,484.0108108
5,holiday,4,129.25,100.5148649,87.93378378,83.15810811,81.36351351,79.29189189,82.70810811,89.65810811,118.3513514,159.6959459,183.7324324,184.6527027,192.5878378,194.0689189,210.0986486,210.5121622,210.6540541,211.8472973,220.7297297,229.6959459,228.9,212.0891892,188.0905405,158.5297297
5,holiday,5,105.7418919,88.15675676,101.0743243,54.86621622,18.87567568,16.02027027,74.83918919,260.7283784,346.1959459,454.2405405,439.3378378,436.9540541,469.9554054,349.0662162,278.6635135,271.4540541,291.977027,302.9621622,300.0864865,294.1121622,273.722973,272.6148649,185.977027,191.872973
5,holiday,6,5.082432432,44.24189189,243.0743243,134.9216216,159.9945946,32.14054054,33.04054054,30.57567568,7.712162162,7.02027027,5.174324324,5.440540541,4.324324324,7.725675676,5.493243243,8.787837838,9.691891892,7.895945946,9.277027027,18.12837838,15.07432432,11.67837838,4.591891892,5.352702703
5,holiday,7,0.109459459,0.114864865,0.105405405,1.160810811,0.109459459,0.094594595,0.145945946,3.882432432,1.472972973,1.686486486,0.127027027,0.354054054,0.181081081,0.124324324,0.137837838,0.163513514,4.785135135,0.154054054,0.135135135,1.482432432,0.327027027,0.748648649,0.251351351,0.013513514
5,holiday,8,69.28648649,63.85945946,63.69054054,66.41351351,60.86486486,61.97567568,67.15945946,74.8472973,82.87972973,111.6945946,101.8986486,154.9189189,196.2824324,142.8310811,135.8189189,172.85,146.2864865,167.3527027,188.3864865,167.2486486,156.9554054,169.4054054,133.7972973,144.4189189
5,holiday,9,498.0027027,448.3513514,417.6486486,396.1905405,389.2040541,408.6810811,442.1256757,489.3648649,612.6986486,642.8283784,639.1675676,642.8364865,692.477027,660.1810811,614.7891892,602.7635135,577.4445946,672.9391892,633.0959459,725.8418919,675.2310811,746.4986486,666.3810811,555.277027
5,holiday,10,0,29.7972973,0,4.194594595,0,0,27.62972973,101.0148649,244.9932432,205.2837838,146.577027,72.08648649,110.4959459,80.90540541,18.85405405,74.03918919,26.48108108,43.21891892,68.68108108,59.2472973,29.26216216,21.87837838,28.2027027,8.755405405
6,working_day,0,443.7,436.8,435.4,432.7,429.2,412.9,431.4,433.6,424.8,430.3,434.1,440.9,460.3,470.8,464,470.5,470.8,487.6,511.6,494.4,484.8,468.1,466,462
6,working_day,1,36.2,42.3,43.5,52.9,46.2,94.8,177.4,359.4,280.8,245.9,273.7,235,347.1,257.8,236.2,207.4,338.4,795.6,665.5,599,416.4,232.8,154.1,70
6,working_day,2,307.3,175.3,146,144.3,137.1,135.6,146.1,211.4,229,153.8,136.4,127.3,172.4,145.5,145,120.1,184.8,274.5,319.1,340.4,394.1,682.9,988.7,717.3
6,working_day,3,382.5,249.8,163.6,146.3,143.5,156.6,224.2,318.9,384.5,359.3,354,355.9,421.9,527.7,514.7,527.9,631.4,739.6,814.7,861.8,899.3,897,845.6,622.7
6,working_day,4,140.2,124.5,108.6,105,107.9,107.3,111.3,127.5,149.7,165.4,169.3,171,177.1,183.2,183.8,193.3,211,225.7,230.6,231.3,234.7,226.7,201.9,165.8
6,working_day,5,164.7,87.7,39,16.7,15,17.6,63.1,269.2,353.2,393.9,286.7,287.5,255.7,239.1,207.7,240.2,256.8,310.3,364.8,347.4,359.5,276.3,199.8,138.4
6,working_day,6,10.2,8.1,8.3,105.1,152.4,32.6,29.8,32.8,24.6,16.2,9.5,8.9,9.4,10.3,12,9.7,8.6,14.1,14.9,22.2,21,21.1,11.4,11.3
6,working_day,7,0,0,0,0,0,0,0.1,0.1,0.1,0,0,0,0,0,0,0,0.1,0.1,0.1,0.1,0.1,0.1,0,0
6,working_day,8,55.4,54.5,53.5,54.3,50.9,51.3,58.5,71.6,81.7,118,99.2,144.2,105.8,91.4,107.5,126.9,132.8,118.4,129.2,105.2,97.2,113.2,90.8,67.4
6,working_day,9,369,369.9,350.9,349.5,344.5,362.5,383.2,440.5,512.8,450.2,466.4,465.3,492.5,452,422.2,487.2,499.9,536.6,584.8,558.5,578.8,582.3,537.7,475.9
6,working_day,10,0,0,0,0,0,27.4,140.9,443.1,278.4,90.1,37.3,22.2,46.2,61.5,18.9,26.1,28.8,133.4,270.2,110,58.9,12,16.1,8.7
6,holiday,0,445.9,438.1,443.2,433.3,434.8,423.7,422.3,436.6,437.1,432.9,453.1,438.1,469.2,447.6,464.8,490.3,473.7,486.9,497.3,490.6,485.4,475.3,460.6,464.2
6,holiday,1,39.9,26.5,29.4,35.6,48.1,57.3,172,328.2,403.7,370.1,394.2,439.2,386.3,338,325.4,345.8,491.3,728.3,689.8,419.6,333.6,242.5,131.8,87.5
6,holiday,2,600.8,257.5,155.2,137.9,125.5,125.8,95.4,115.3,168.9,239.9,144,151.6,141.1,138.6,164.1,128.9,153.7,229.7,270.4,258.4,293.1,507,782.5,584.2
6,holiday,3,403.2,288.7,190.9,149.6,145.7,159.2,179.7,226.2,334.1,362.7,374.4,387.2,423.4,490,487.3,520.4,564.8,689.9,756.1,767.2,802,811.3,748.6,538.5
6,holiday,4,150.3,128.6,114.5,105.9,108.6,108.2,115.4,126.7,153.6,183.9,186.9,194.4,206,213.4,219.8,217.4,227.8,229.8,221.9,214.6,208.9,206.4,191.3,154.4
6,holiday,5,105.9,60.6,4.5,41.3,38.8,20.7,51.9,149,410,536.5,522.2,372.3,372.1,391.9,336.1,281,216.2,131.9,246.3,274.7,282.2,233.4,197.3,117.4
6,holiday,6,10.2,9.5,8.3,104,160.8,34.6,33,46.6,34,18.5,8.5,8.6,9.2,10.1,10.2,10.3,9.3,12.9,12.5,19,18.5,16.6,9.2,11.4
6,holiday,7,0,0,0,0,0,0,0.1,0.1,0,0,0,0,0,0,0,0,0.1,0.1,0.1,0.1,0.1,0.1,0,0
6,holiday,8,74.4,67.9,53.3,51.4,52.3,51.4,52.2,79.4,110.3,110.2,101.7,115.7,110,84.4,86,85.1,72.3,85,89.7,81.4,58.3,61.4,73.3,69.8
6,holiday,9,386.7,393.4,381.8,353.9,359.9,352.1,360.1,468.7,554.1,602.5,608.4,580.8,587.1,558.2,605,528.7,554.7,657.2,612.8,580.4,585,598.1,580.2,508.9
6,holiday,10,0,0,0,0,0,0,38.9,181,158.8,263.9,112.3,269.8,115.5,166.2,50.1,79.5,31.6,206.7,40.2,88.5,103.6,0,0,8.1
7,working_day,0,372.9439024,379.1634146,367.1829268,364.9585366,367.8780488,352.002439,357.197561,367.704878,368.9292683,370.2073171,377.7487805,373.0536585,388.5707317,395.304878,380.2292683,398.1560976,391.4853659,412.5121951,421.6414634,403.0439024,406.095122,404.2634146,387.4707317,389.8243902
7,working_day,1,68.69512195,84.87317073,61.3,75.12682927,53.34634146,85.68292683,146.2073171,327.097561,367.5365854,293.0853659,293.5365854,322.9195122,287.6512195,339.8560976,303.2414634,302.2804878,324.5780488,537.8560976,507.0634146,567.8585366,500.0463415,367.1463415,251.2585366,115.3268293
7,working_day,2,365.6658537,308.9292683,247.0902439,225.7682927,191.4219512,217.4292683,201.4902439,259.8609756,280.5121951,200.5365854,172.9219512,166.4414634,161.9634146,159.3560976,140.9487805,157.8365854,231.0365854,354.6439024,431.795122,580.9780488,826.0878049,1086.346341,966.6292683,526.9365854
7,working_day,3,499.3560976,322.0682927,240.2829268,194.3341463,171.1317073,203.7170732,272.7219512,371.8243902,528.4121951,577.7,521.0780488,510.5878049,597.0170732,679.5731707,637.8317073,641.1560976,706.4146341,805.297561,900.0121951,945.0268293,1000.653659,1034.226829,952.2585366,744.997561
7,working_day,4,151.0902439,131.397561,114.4926829,107.597561,107.797561,104.7853659,107.8219512,119.3341463,144.6146341,167.095122,183.9536585,182.7878049,179.5853659,184.3121951,186.3365854,193.9414634,200.0829268,206.395122,216.9853659,218.6463415,224.2073171,222.8780488,201.9658537,172.6585366
7,working_day,5,225.5146341,80.1,55.97073171,44.2,28.6804878,30.79512195,40.07560976,273.7121951,410.3463415,447.3390244,453.397561,423.2414634,303.2585366,247.995122,278.5926829,255.8560976,218.404878,208.2463415,275.8317073,412.8512195,367.8829268,275.8731707,279.2707317,256.0146341
7,working_day,6,16.5804878,18.51463415,17.34634146,129.8414634,161.0317073,39.23902439,38.4,58.28536585,42.04390244,51.21463415,47.39756098,39.2804878,51.62682927,47.72926829,95.23658537,45.78536585,53.04146341,45.1902439,45.43414634,87.38536585,129.3634146,192.8463415,97.02195122,28.83658537
7,working_day,7,7.604878049,7.282926829,7.246341463,7.490243902,7.234146341,7.236585366,7.168292683,12.06097561,9.568292683,8.351219512,7.226829268,7.556097561,7.492682927,7.76097561,7.812195122,7.83902439,8.124390244,9.8,13.97317073,11.63414634,11.7804878,11.2,9.934146341,8.965853659
7,working_day,8,41.11219512,38.17560976,38.17073171,36.24390244,35.2195122,33.65365854,44.87073171,53.80243902,82.8,70.38292683,88.74634146,75.41463415,70.15853659,68.97317073,65.13414634,71.96097561,80.8902439,76.20243902,68.72682927,66.04390244,62.89512195,49.26341463,46.28780488,43.09512195
7,working_day,9,360.1536585,364.9609756,330.3780488,305.1487805,302.9121951,350.8707317,358.9878049,415.4341463,361.9756098,373.504878,321.8512195,309.4512195,356.9536585,358.9853659,331.8073171,393.4487805,399.5756098,426.3097561,447.0365854,436.0536585,437.4536585,490.6243902,463.5121951,366.7878049
7,working_day,10,5.836585366,0.002439024,3.587804878,0,0,0,172.0365854,381.5609756,155.4121951,81.91463415,62.00243902,27.28780488,44.25853659,36.44390244,44.01219512,87.32195122,64.32926829,112.2097561,88.30487805,71.0097561,68.43658537,24.01707317,18.36585366,17.97804878
7,holiday,0,345.4395349,371.9604651,357.427907,361.4627907,359.8162791,346.3372093,330.3976744,383.8325581,373.2302326,353.7209302,356.6,361.8488372,397.3186047,365.927907,382.5860465,399.2651163,382.4906977,389.272093,406.2069767,387.0767442,423.9906977,391.7953488,371.3581395,379.3604651
7,holiday,1,41.9255814,44.18837209,31.93953488,49.57209302,38.95348837,70.71395349,123.5534884,271.4186047,338.9372093,320.4,411.8372093,414.1023256,419.355814,368.3930233,312.7860465,435.7813953,363.5627907,435.3,563.3232558,450.3186047,401.9069767,239.6860465,150.7232558,83.98139535
7,holiday,2,353.5976744,279.1790698,246.8186047,184.2348837,166.9790698,200.0372093,159.872093,163.1790698,202.6372093,195.1837209,224.1883721,165.744186,206.827907,173.9744186,160.2953488,163.844186,173.7906977,226.7674419,257.2,541.2604651,768.8093023,864.7930233,861.6627907,551.6883721
7,holiday,3,490.7046512,338.827907,247.3465116,196.9209302,178.7372093,203.4418605,195.172093,307.3372093,485.7930233,560.6534884,597.5837209,583.1093023,662.1790698,743.6581395,721.3465116,691.427907,809.1186047,863.4930233,917.0860465,963.444186,956.8069767,941.8465116,861.927907,687.1046512
7,holiday,4,143.7860465,127.8953488,115.3023256,103.1488372,105.9302326,102.1418605,102.5,103.4534884,118.855814,155.0325581,165.5325581,178.5232558,183.2162791,185.0767442,180.6046512,197.8348837,208.5488372,212.227907,198.4534884,190.1139535,197.444186,199.0139535,186.4651163,160.0697674
7,holiday,5,252.7813953,143.6651163,156.4465116,159.0790698,52.12093023,14.60930233,34.55116279,77.64418605,231.1046512,500.9604651,732.1511628,635.355814,539.555814,331.7906977,348.5302326,291.0209302,158.4069767,237.5976744,299.9116279,357.944186,352.9395349,187.1953488,170.3627907,291.6325581
7,holiday,6,21.42790698,18.30930233,14.98837209,124.8372093,129.3395349,40.40465116,27.51162791,39.87674419,35.4255814,40.30465116,37.96976744,28.15116279,23.41627907,30.63488372,22.91395349,31.46744186,35.76976744,34.57674419,25.73023256,120.0046512,209.2534884,173.4348837,93.55813953,20.47674419
7,holiday,7,9.08372093,8.630232558,7.518604651,7.506976744,7.509302326,7.523255814,7.56744186,12.18139535,10.63023256,8.411627907,7.311627907,7.323255814,7.327906977,7.304651163,7.393023256,7.425581395,7.534883721,12.06046512,10.36511628,10.15348837,10.91395349,10.28604651,9.413953488,7.66744186
7,holiday,8,40.26046512,38.55581395,39.06744186,41.00930233,40.75813953,41.68604651,45.98372093,44.71860465,51.4627907,62.92325581,98.12790698,86.00697674,78.33023256,62.60697674,74.44186047,74.12093023,69.59069767,76.0744186,79.90465116,100.427907,92.07209302,46.40232558,43.96744186,39.22093023
7,holiday,9,360.4255814,371.4232558,332.0767442,319.672093,293.8744186,300.2627907,346.0651163,321.5860465,375.2372093,473.4418605,480.4139535,494.5418605,443.8302326,414.8302326,433.6046512,438.0488372,457.5465116,441.9372093,490.7209302,450.0046512,436.9186047,480.3348837,419.4232558,413.1604651
7,holiday,10,0,0,0,0,5.823255814,2.079069767,0.590697674,101.5139535,14.95116279,65.20697674,110.6348837,64.34186047,76.30232558,55.86976744,49.14418605,48.74418605,24.04418605,49.5627907,71.50697674,83.93953488,6.360465116,7.974418605,44.64883721,49.24186047
8,working_day,0,419.4214286,408.502381,398.2119048,394.8404762,387.8404762,381.5952381,382.3261905,392.6428571,402.4333333,393.95,401.2761905,422.6095238,428.2261905,431.6071429,425.1285714,433.5904762,450.9595238,456.8738095,445.4595238,461.0809524,434.7404762,441.8309524,428.9547619,429.047619
8,working_day,1,47.4,59.05952381,45.44285714,59.25238095,47.26904762,87.76904762,201.0428571,507.4928571,393.2333333,350.4785714,342.502381,348.6166667,304.9190476,283.3333333,271.7380952,341.2880952,491.2904762,686.8857143,666.797619,466.3880952,426.6333333,372.547619,140.5761905,69.27380952
8,working_day,2,238.547619,157.3404762,108.6190476,96.03095238,101.6333333,153.1119048,189.2380952,280.1261905,282.2571429,177.3309524,172.5666667,151.3190476,123.9738095,121.3166667,114.9547619,131.0547619,185.1952381,327.0642857,394.247619,692.2642857,857.7166667,912.547619,749.4904762,452.5714286
8,working_day,3,416.3380952,304.6190476,228.9071429,207.8952381,188.4047619,203.0619048,261.347619,392.5119048,474.8547619,495.6238095,536.9142857,524.8071429,561.6285714,621.8761905,664.352381,718.0714286,816.0642857,910.1142857,1005.72381,1029.678571,1016.407143,1023.119048,891.1642857,647.6857143
8,working_day,4,170.7047619,150.5952381,134.7428571,132.3809524,132.8547619,130.4333333,131.497619,147.4333333,168.147619,191.4309524,196.4309524,205.8857143,205.4166667,212.7095238,232.7904762,246.7619048,254.9452381,277.5380952,278.2738095,285.9809524,292.7785714,289.7428571,256.3214286,216.35
8,working_day,5,162.2952381,113.9047619,76.84761905,48.90714286,23.01904762,13.65238095,72.6547619,226.9619048,588.4880952,661.647619,424.6880952,370.9833333,371,350.1357143,535.4642857,396.1642857,390.5190476,338.7214286,387.6309524,672.2785714,600.2738095,344.752381,293.9452381,250.3880952
8,working_day,6,21.75238095,20.6,24.1047619,166.3952381,232.0952381,42.49285714,50.60238095,58.9452381,58.00952381,46.49761905,29.58095238,57.77619048,54.6547619,29.05714286,24.04285714,26.04761905,31.07380952,27.06904762,37.04047619,56.34047619,201.6357143,380.0785714,168.4666667,41.27619048
8,working_day,7,9.733333333,9.835714286,10.55952381,9.826190476,9.864285714,9.711904762,9.561904762,14.57142857,16.04285714,13.52619048,9.442857143,9.366666667,9.342857143,9.345238095,9.333333333,9.40952381,9.366666667,11.01428571,16.04761905,16.13809524,16.22619048,14.70714286,12.49047619,9.607142857
8,working_day,8,61.02619048,64.08095238,63.29761905,57.98571429,60.4,58.07619048,63.92857143,70.64285714,81.78809524,82.63333333,93.97142857,84.34761905,98.32380952,97.12857143,95.33571429,89.82857143,90.32380952,91.2452381,115.9142857,112.2095238,154.7714286,127.75,103.7833333,75.4452381
8,working_day,9,436.8428571,374.2571429,339.1333333,298.3571429,312.1190476,339.7,401.5309524,509.8738095,543.9404762,588.5333333,486.3190476,481.7047619,459.4595238,387.8428571,410.8619048,457.1285714,512.2714286,592.3857143,594.297619,570.0904762,603.197619,631.3714286,564.3357143,441.4928571
8,working_day,10,34.7547619,2.788095238,0.819047619,0,0,7.107142857,9.092857143,193.8857143,158.7214286,123.9785714,105.2666667,49.17142857,34.84047619,53.56190476,28.6452381,44.90238095,29.63333333,123.452381,121.9952381,46.79047619,23.27857143,20.86666667,39,28.17380952
8,holiday,0,410.6615385,417.6102564,397.6358974,400.1076923,393.7512821,377.1538462,383.8538462,385.0666667,400.3307692,398.2102564,418.3692308,425.0307692,444.5076923,447.5948718,431.0641026,453.9923077,457.0282051,456.2564103,446.3,455.5076923,440.874359,428.4923077,436.2076923,419.8153846
8,holiday,1,40.75384615,28.81025641,71.95641026,33.38205128,36.69230769,63.78205128,103.6820513,299.7307692,326.0871795,423.1051282,401.7641026,401.2948718,428.0307692,404.9487179,302.9051282,312.8897436,416.2589744,608.1102564,563.2769231,427.7179487,544.8205128,304.3333333,144.9102564,57.81025641
8,holiday,2,270.9846154,211.8641026,159.3333333,129.1179487,88.55897436,109.3769231,119.7358974,157.0025641,160.9179487,159.9333333,131.8666667,151.8,153.4538462,126.2307692,108.2923077,123.3692308,160.1564103,320.6897436,387.6205128,657.5948718,857.0615385,870.0102564,740.2153846,419.0282051
8,holiday,3,521.474359,345.6564103,259.8666667,213.4846154,187.2205128,203.6230769,226.9205128,255.7025641,432.2641026,526.4564103,564.1871795,585.174359,680.6153846,718.374359,718.7333333,729.2487179,790.4666667,943.1102564,979.4153846,1059.323077,1076.338462,1042.020513,897.5897436,675.6512821
8,holiday,4,187.0615385,157.3384615,147.2333333,141.5666667,143.0025641,139.7487179,139.5461538,151.1410256,165.3846154,209.4974359,223.2230769,236.8051282,242.0769231,238.6820513,241.7717949,245.7025641,252.1051282,262.1230769,252.825641,256.6512821,249.6871795,251.4717949,242.9282051,202.6769231
8,holiday,5,187.325641,84.63333333,30.56923077,51.58461538,52.44615385,3.653846154,24.67179487,113.6974359,344.7179487,580.3487179,712.6615385,871.7666667,633.2717949,480.4717949,470.0692308,565.9307692,508.2307692,588.1205128,579.6435897,625.6307692,478.8589744,242.7820513,262.6897436,183.3589744
8,holiday,6,26.02307692,22.48717949,25.3025641,182.0974359,233.1948718,56.86410256,37.18461538,34.6974359,81.72564103,28.10512821,37.61794872,35.68205128,29.21794872,43.95128205,66.89487179,31.76410256,46.71794872,67.26410256,35.93846154,64.05128205,123.1230769,30.96923077,25.56923077,24.75897436
8,holiday,7,13.51794872,13.1974359,10.68461538,10.62307692,10.68461538,10.63846154,10.79230769,16.27435897,17.48461538,12.58461538,10.15384615,10.14615385,10.07692308,10.15384615,11.25384615,12.02564103,10.34615385,15.35897436,17.27179487,17.25897436,17.3974359,15.54102564,14.11282051,12.43846154
8,holiday,8,41.07692308,40.88717949,42.73076923,38.33846154,37.98974359,38.1974359,37.15128205,36.11025641,59.45384615,56.2,65.24871795,79.20769231,74.51794872,63.21794872,82.76410256,116.5641026,91.5025641,103.8333333,122.2410256,98.96410256,52.29487179,66.66923077,57.12307692,48.69487179
8,holiday,9,417.2179487,425.0692308,353.2102564,314.0102564,335.1025641,347.5846154,347.9692308,369.5153846,533.2512821,661,718.3641026,757.8435897,833.1384615,754.4435897,619.5179487,677.7282051,662.5769231,678.2692308,698.0282051,679.3897436,691.3487179,630.7307692,539.9,419.3333333
8,holiday,10,42.28205128,14.79230769,0,0,0,0,0,132.9076923,142.574359,241.3717949,53.94615385,110.3512821,71.28717949,47.3025641,95.25641026,43.07692308,72.63076923,74.33333333,78.93076923,105.374359,19.30512821,0.025641026,20.98717949,25.78461538
9,working_day,0,381.3581395,384.5116279,370.6186047,369.2,362.8372093,348.9930233,357.9930233,365.3790698,393.8674419,379.3046512,380.6651163,394.2186047,392.6883721,396.8186047,397.7790698,414.2581395,405.9930233,422.7186047,428.0255814,416.2651163,408.2581395,413.7,401.0418605,390.3093023
9,working_day,1,44.61162791,32.39767442,45.61627907,57.77674419,54.50930233,118.4418605,183.1790698,312.372093,321.1651163,269.6116279,274.8860465,319.044186,347.0302326,450.5232558,394.6790698,362.3325581,412.8255814,722.527907,681.0139535,466.2790698,331.1604651,177.972093,146.1883721,60.51860465
9,working_day,2,234.9883721,161.4069767,105.4837209,110.3162791,120.127907,177.7209302,281.8767442,470.3162791,443.9651163,308.0232558,234.3139535,211.855814,196.3348837,173.8023256,184.6232558,182.255814,224.7418605,411.4906977,879.2023256,1210.418605,1176.090698,1056.806977,840.4069767,456.7069767
9,working_day,3,355.7511628,215.5511628,184.5767442,177.0790698,164.7093023,169.8023256,247.9697674,398.1930233,460.4186047,454.1651163,450.8534884,453.9883721,487.5465116,560.8232558,617.5744186,668.7325581,762.4,828.1744186,919.2674419,952.9534884,931.2488372,923.3883721,772.3627907,547.5511628
9,working_day,4,151.5674419,134.2418605,124.6,122.4906977,124.355814,123.3511628,124.1348837,144.0744186,163.7604651,194.1069767,201.027907,205.5674419,213.6627907,214.7348837,221.5930233,235.4744186,255.3860465,272.0976744,279.4651163,288.3604651,281.5488372,278.0116279,252.2186047,203.2790698
9,working_day,5,178.9372093,85.29767442,40.58837209,13.93953488,11.09302326,12.92790698,63.88139535,202.3883721,704.9627907,693.8790698,633.1023256,483.8348837,431.2976744,421.555814,461.3046512,558.9069767,483.0162791,490.5465116,558.9767442,633.8860465,555.0837209,427.9139535,188.5930233,196.3581395
9,working_day,6,12.86046512,13.23953488,12.46046512,86.39302326,98.29302326,23.28372093,33.78139535,57.44418605,42.95348837,31.8,27.52790698,23.19069767,26.89302326,27.09069767,21.88837209,29.85581395,34.55348837,36.29069767,34.1372093,34.64651163,50.85348837,44.0744186,23.70232558,19.82093023
9,working_day,7,0,0,0,0,0,0,0,0.062790698,0.681395349,0.293023256,0.465116279,0.844186047,0.86744186,0.841860465,0.106976744,0.56744186,0.9,1.130232558,2.144186047,3.948837209,4.839534884,4.341860465,2.13255814,0.472093023
9,working_day,8,45.20232558,42.05581395,40.2255814,39.94651163,39.96511628,43.01627907,45.92325581,59.84883721,61.55581395,61.04418605,79.19767442,85.45348837,84.48372093,76.81627907,82.7744186,77.0372093,69.63255814,86.85581395,72.16511628,61.26511628,54.44186047,55.89534884,50.37209302,47.63953488
9,working_day,9,459.7790698,456.572093,402.2372093,353.1255814,385.1,432.6581395,486.8116279,556.927907,722.272093,812.8953488,730.9046512,708.0209302,705.5627907,778.3651163,727.427907,832.7325581,766.0581395,963.9674419,944.5139535,1104.437209,969.6116279,897.4976744,695.1697674,616.3372093
9,working_day,10,19.24651163,6.979069767,0.418604651,0.418604651,0.418604651,78.93488372,29.41395349,535.0604651,158.9209302,131.1348837,129.4465116,105.1,61.74651163,50.05348837,21.57674419,32.62325581,140.6093023,196.1534884,176.4906977,147.9883721,159.5790698,34.55116279,53.71627907,42.94186047
9,holiday,0,403.4837209,373.4767442,376.9116279,366.6418605,370.8209302,370.2744186,368.5813953,360.9744186,380.1930233,370.6418605,387.5418605,393.0302326,410.9418605,412.7116279,424.1790698,417.0465116,431.4790698,434.2697674,447.8232558,404.272093,424.744186,407.4255814,410.6674419,387.5627907
9,holiday,1,51.79767442,36.05116279,23.42093023,35.56511628,48.00465116,68.94883721,98.87906977,211.9534884,331.2418605,471.1069767,561.0023256,540.8883721,543.5627907,416.3837209,391.1488372,406.9930233,649.4209302,764.6139535,638.255814,461.2930233,274.0604651,174.544186,228.0186047,78.65813953
9,holiday,2,304.3209302,229.2162791,147.9837209,102.3186047,111.7046512,158.4348837,161.0581395,227.9372093,294.1209302,267.0069767,224.9302326,220.927907,233.6465116,209.1348837,240.1046512,226.2348837,252.9744186,449.5418605,890.6767442,1155.24186,984.8767442,900.1906977,723.7418605,448.7116279
9,holiday,3,384.8674419,291.1209302,211.8906977,191.4372093,176.2976744,180.3604651,205.4093023,240.8930233,356.6302326,460.9883721,553.3651163,579.1465116,624.1953488,669.9209302,657.1209302,664.1372093,760.2860465,884.127907,951.9511628,958.3162791,965.6790698,913.2534884,802.2116279,603.1767442
9,holiday,4,157.6651163,140.8325581,121.1976744,118.2116279,120.5906977,116.3976744,115.6255814,118.7883721,135.1255814,166.0023256,205.8674419,222.9651163,238.5488372,246.072093,244.972093,247.0372093,260.5906977,262.4883721,258.1767442,249.3581395,249.3790698,250.3744186,235.3302326,182.5116279
9,holiday,5,53.70465116,75.47906977,33.02325581,29.43023256,20.94186047,11.45581395,9.346511628,88.15116279,294.2023256,644.6744186,871.8093023,1130.855814,981.4511628,873.1511628,733.6116279,709.7232558,566.3,464.3697674,595.2372093,616.5651163,599.8395349,281.0976744,96.86046512,123.5162791
9,holiday,6,23.78837209,23.91627907,20.2744186,94.44883721,92.36976744,27.36046512,35.80465116,41.48604651,35.30930233,23.80232558,15.7372093,19.58837209,64.05813953,35.99767442,19.40465116,63.78837209,44.01162791,30.28604651,37.96046512,39.13488372,30.96046512,27.55116279,25.0372093,22.33953488
9,holiday,7,0,0,0,0,0,0,0.06744186,0.139534884,0,0.646511628,2.109302326,3.013953488,4.548837209,4.351162791,3.848837209,2.330232558,2.065116279,1.937209302,4.202325581,5.739534884,3.618604651,3.102325581,1.465116279,0
9,holiday,8,45.10930233,45.58139535,44.51395349,43.9,42.27209302,46.79302326,44.52325581,43.8627907,47.93255814,70.1372093,100.1860465,118.9232558,107.3767442,133.9186047,95.57209302,87.22790698,100.4325581,127.5255814,146.7651163,140.5767442,65.09302326,55.84186047,57.60465116,53.09767442
9,holiday,9,461.8302326,463.3837209,384.5488372,336.9023256,371.0627907,390.4883721,405.5813953,455.5046512,546.7581395,948.3093023,998.4139535,1140.137209,1331.502326,1051.146512,895.3790698,1017.669767,988.9697674,928.5046512,972.6674419,1048.667442,907.3488372,870.6930233,725.0906977,564.1976744
9,holiday,10,36.47906977,18.75581395,12.3744186,0.418604651,0.418604651,0.418604651,0.418604651,9.053488372,189.555814,438.0209302,229.3790698,156.8023256,235.8,113.1348837,118.5674419,76.75116279,125.2023256,48.6627907,198.0511628,232.3069767,83.12790698,34.83488372,21.89069767,38.06046512
10,working_day,0,338.4775,339.33,334.8725,333.435,306.9525,325.285,309.34,324.65,322.75,330.55,331.89,343.2975,359.13,353.7925,354.58,343.5525,352.8025,361.4425,376.095,373.485,366.3625,354.785,351.2675,338.3125
10,working_day,1,89.8325,84.2,58.295,80.24,80.42,68.0125,144.24,295.3175,357.435,348.5725,308.37,305.99,311.9425,488.5575,311.0575,353.045,382.2025,539.0675,1099.765,576.3075,496.9175,333.8825,256.8425,178.5025
10,working_day,2,416.5525,265.335,187.505,159.445,140.4675,131.74,211.96,351.9175,502.8975,418.13,297.3875,241.505,227.4275,216.915,234.4625,297.3475,639.66,1073.5425,1470.7,1489.26,1399.62,1175.8825,980.4225,705.5075
10,working_day,3,613.3025,408.29,286.88,226.02,210.57,210.045,245.5275,334.365,451.815,511.0425,487.0025,490.33,497.55,556.4275,616.8775,644.7325,776.2075,898.65,1001.32,1027.2675,982.2925,1014.8625,958.88,825.7625
10,working_day,4,169.495,145.215,132.085,127.6,122.2775,112.455,110.6175,118.655,154.9625,176.61,188.17,187.41,198.7425,257.17,236.3725,242.0475,229.9775,253.3125,253.925,250.8175,271.0425,255.26,249.065,208.17
10,working_day,5,182.395,177.1275,94.1825,52.6,23.3975,6.65,45.605,247.625,371.3775,781.685,927.045,840.2475,842.145,511.605,640.47,525.0975,451.2775,496.835,448.925,479.035,551.465,600.57,583.5475,395.775
10,working_day,6,6.125,2.7425,2.7925,135.7,110.2975,26.94,14.9475,28.3225,17.19,13.145,8.0325,4.0475,4.8,5.785,5.8475,5.505,7.7225,14.905,25.2725,21.5425,19.76,26.9425,23.28,15.4625
10,working_day,7,0,0,0,0,0,0,0,0,0,0,0,0,0,0,0,0,0,0,0,0,0,0,0,0
10,working_day,8,51.3525,54.1675,57.08,62.3225,57.78,60.23,59.245,63.55,81.7275,90.795,98.4925,103.955,122.1625,102.9,119.695,145.3375,102.2225,122.305,110.2825,110.1175,102.1325,97.0875,79.015,58.45
10,working_day,9,758.6275,658.155,608.0525,597.415,580.8675,579.73,711.9,760.6425,945.485,955.0425,1012.6125,1098.1025,1110.4975,1015.34,935.61,892.7525,985.715,1318.4875,1487.23,1211.6525,1320.0075,1163.7325,1114.7325,916.2275
10,working_day,10,41.745,34.81,5.7425,4.3575,0.9,0.9,64.49,50.48,617.7325,309.085,111.4575,91.2675,96.675,167.57,40.505,43.42,56.3775,174.87,112.435,187.9225,215.285,76.445,22.03,48.2025
10,holiday,0,341.4051282,337.8051282,313.7589744,300.0358974,293.2384615,310.7307692,306.4923077,302.6025641,294.2051282,322.4102564,332.6153846,318.2641026,341.2410256,352.874359,338.1897436,339.5692308,362.2564103,345.3538462,370.5692308,338.1487179,351.4230769,339.0692308,349.3025641,335.9641026
10,holiday,1,101.7461538,82.11538462,53.12051282,56.37435897,69.28974359,76.67692308,88.14358974,145.6435897,303.7205128,328.8564103,450.0717949,535.0461538,527.1538462,589.0410256,573.4897436,448.1051282,501.8641026,711.3589744,1021.461538,607.7948718,427.7487179,324.3641026,210.7717949,174.8820513
10,holiday,2,468.1461538,275.0230769,226.4307692,188.6076923,140.3179487,146.9333333,186.3,195.4923077,289.9512821,304.425641,259.3641026,225.2205128,233.8358974,220.5435897,250.6153846,297.8487179,614.3666667,1106.715385,1412.769231,1405.676923,1155.920513,979.9923077,804.7717949,673.2512821
10,holiday,3,613.825641,402.1384615,299.8897436,248.1666667,243.3076923,235.4897436,249.4461538,272.1846154,329.6769231,470.5589744,543.9307692,574.5282051,589.3358974,623.3692308,692.5461538,742.5205128,817.7820513,927.1538462,1026.915385,1004.353846,1012.435897,1001.425641,919.5461538,794.3923077
10,holiday,4,158.4794872,136.5205128,128.2897436,120.2923077,120.3692308,117.625641,115.2435897,117.8615385,129.3153846,163.9025641,211.1717949,216.9794872,251.6512821,284.4230769,283.8589744,311.0769231,303.0205128,317.9923077,268.9692308,266.6461538,261.3307692,244.225641,227.4512821,196.7282051
10,holiday,5,275.0897436,132.9897436,55.47435897,5.853846154,47.48717949,10.8025641,8.415384615,98.20769231,149.1820513,416.0615385,762.6,1262.615385,886.4538462,804.5666667,958.2307692,851.5461538,802.4461538,616.8282051,591.474359,458.7871795,631.5153846,313.5153846,202.2666667,142.4487179
10,holiday,6,18.01538462,16.5974359,7.223076923,134.6,86.67948718,21.89487179,17.43076923,19.07692308,17.66666667,12.44358974,6.930769231,4.141025641,3.764102564,5.392307692,6.497435897,12.75128205,13.67435897,15.5025641,15.62307692,14.16153846,10.18717949,14.98717949,13.13333333,12.95128205
10,holiday,7,0,0,0,0,0,0,0,0,0,0,0,0,0,0,0,0,0,0,0,0,0,0,0,0
10,holiday,8,57.32564103,57.1025641,57.05384615,53.18974359,57.24871795,49.59230769,58.72051282,50.61282051,78.10769231,85.44871795,101.574359,115.3564103,172.0846154,113.3897436,82.93333333,75.80769231,96.82051282,98.08461538,105.4410256,74.01282051,81.22307692,72.21538462,73.71025641,48.97435897
10,holiday,9,787.5153846,772.6948718,649.1179487,627.4410256,577.4128205,603.8282051,678.5076923,678.1333333,905.3307692,979.9717949,1091.830769,1586.528205,1508.620513,1434.189744,1363.925641,1297.128205,1411.830769,1539.958974,1599.364103,1605.717949,1265.402564,1136.389744,1016.620513,930.7179487
10,holiday,10,6.728205128,12.75128205,28.92820513,12.37435897,0.923076923,6.466666667,139.9666667,0.923076923,53.36410256,217.4589744,261.7153846,344.4897436,170.8666667,140.2333333,226.2282051,30.17179487,80.47435897,311.6435897,137.6846154,226.6717949,360.5717949,100.2179487,14.62051282,11.47435897
11,working_day,0,298.0714286,289.1938776,281.4061224,279.2306122,286.0571429,277.7285714,282.9204082,294.955102,311.1061224,312.0918367,289.1734694,297.4183673,301.0714286,310.4489796,301.8346939,314.977551,312.6918367,359.1102041,344.6591837,345.7102041,346.0510204,346.6734694,318.8938776,311.3346939
11,working_day,1,64.59183673,80.64285714,59.23469388,95.96530612,135.2306122,119.1102041,193.5346939,349.3102041,391.6306122,363.4183673,326.5102041,340.8040816,345.5408163,459.255102,362.9591837,386.6795918,496.8163265,751.0102041,950.7346939,562.0346939,367.3714286,279.8306122,156.1693878,118.1469388
11,working_day,2,327.0265306,190.3489796,141.7469388,111.5244898,120.9081633,140.9081633,244.7571429,491.6306122,614.8408163,466.3204082,381.1326531,329.9122449,298.8979592,292.1346939,330.9081633,485.9591837,995.2061224,1403.716327,1553.189796,1441.991837,1277.783673,1102.506122,898.0612245,586.5244898
11,working_day,3,499.3,358.9877551,269.2142857,218.2979592,211.5244898,205.1061224,269.7836735,392.522449,441.9653061,473.4204082,528.8346939,549.5693878,594.7755102,656.0734694,645.9571429,716.5061224,835.044898,910.4040816,967.9734694,900.7918367,895.8204082,916.3122449,877.0346939,713.1979592
11,working_day,4,141.5755102,120.4734694,109.8469388,103.9163265,105.0346939,103.6040816,103.3428571,109.0265306,140.2122449,168.7918367,177.1897959,179.5265306,183.077551,203.1897959,235.4877551,228.5081633,233.1163265,227.7714286,218.8959184,227.6612245,232.9061224,222.5285714,207.1040816,181.9081633
11,working_day,5,298.3734694,207.5265306,86.50816327,70.84897959,62.46122449,40.65714286,71.72857143,259.7816327,456.8204082,526.9244898,673.4795918,584.8632653,605.9306122,622.977551,619.5693878,571.7285714,591.1816327,461.5428571,411.1122449,421.8183673,426.7469388,276.5673469,276.4795918,217.8816327
11,working_day,6,40.69591837,35.49591837,51.03469388,114.6346939,79.84285714,63.18979592,68.98163265,87.2244898,55.10816327,59.11020408,44.20204082,51.8244898,54.26122449,39.18979592,53.28367347,62.00612245,64.63061224,88.12244898,145.3836735,77.28979592,72.0755102,102.7367347,75.4,46.9
11,working_day,7,0,0,0,0,0,0,0,0,0,0,0,0,0,0,0,0,0,0,0,0,0,0,0,0
11,working_day,8,85.84693878,89.60612245,89.28571429,87.10204082,87.09183673,87.22244898,95.73061224,102.6326531,125.9061224,103.0122449,135.2204082,183.3816327,176.6979592,198.5285714,158.6877551,136.3428571,160.755102,182.6306122,166.9142857,128.0918367,123.1408163,119.8836735,111.2163265,93.0244898
11,working_day,9,904.7918367,771.3530612,702.7632653,722.5755102,690.8428571,745.7204082,881.0959184,845.3346939,1085.397959,1232.555102,1144.657143,1169.557143,1243.828571,1179.759184,1240.24898,1253.483673,1311.234694,1618.642857,1587.306122,1592.759184,1622.430612,1499.671429,1221.326531,1060.257143
11,working_day,10,37.37142857,30.92857143,1.732653061,3.691836735,0.734693878,8.716326531,43.5877551,145.6102041,265.3836735,210.3959184,150.0632653,149.2306122,41.89387755,105.0183673,73.44897959,34.6,56.33673469,83.35306122,106.3081633,113.0938776,40.35306122,46.81632653,23.70204082,23.49387755
11,holiday,0,277.7638298,282.0553191,264.0382979,270.3659574,260.3446809,280.8978723,274.0489362,280.9042553,294.8446809,289.8446809,295.1531915,304.4723404,303.2723404,320.4723404,312.0531915,304.8297872,340.1680851,336.8319149,333.2553191,335.7489362,371.1382979,339.193617,306.3319149,318.2191489
11,holiday,1,84.92765957,63.36382979,51.73617021,52.16595745,112.9106383,108.806383,120.9425532,208.7957447,468.7170213,508.487234,513.8234043,584.7234043,850.5595745,918.2106383,642.1808511,567.9276596,545.5680851,662.0957447,701.2553191,494.0319149,400.3319149,271.8191489,174.8808511,150.0297872
11,holiday,2,501.8212766,297.6404255,190.1617021,167.6106383,150.4851064,148.0255319,194.3638298,306.0255319,543.1085106,449.6787234,356.912766,276.587234,283.0851064,361.7489362,343.2723404,479.7340426,1078.629787,1435.353191,1567.497872,1515.038298,1328.702128,1157.502128,1014.47234,750.8361702
11,holiday,3,510.9914894,392.3106383,310.0106383,233.0212766,198.9893617,199.8404255,222.9978723,271.3829787,402.9680851,493.406383,563.4361702,614.2702128,679.0382979,708.1680851,703.112766,739.8829787,811.9,939.2829787,971.3148936,918.5914894,927.4021277,926.8255319,870.7,722.5659574
11,holiday,4,158.5106383,137.906383,121.312766,118.2042553,121.3276596,118.0042553,116.0893617,118.6319149,127.7276596,154.0021277,187.1382979,195.4,207.6787234,246.0510638,255.9553191,224.9212766,265.6191489,215.6978723,222.4553191,237.7914894,238.3234043,236.5617021,225.7148936,195.4510638
11,holiday,5,343.4340426,163.2723404,110.2361702,3.646808511,3.546808511,25.31489362,62.48297872,127.1680851,282.0446809,621.0489362,645.8191489,1039.887234,957.3148936,1089.640426,836.7425532,790.1021277,702.5106383,621.3829787,432.1382979,688.5255319,462.2914894,418.2595745,291.0021277,257.7489362
11,holiday,6,6.642553191,7.204255319,9.717021277,82.66170213,53.36170213,37.11276596,18.03404255,42.24255319,20.24680851,11.11702128,10.42978723,9.876595745,16.55106383,5.370212766,12.25957447,12.45957447,32.03404255,42.54468085,33.26595745,33.20425532,36.79574468,30.06808511,26.44893617,13.42553191
11,holiday,7,0,0,0,0,0,0,0,0,0,0,0,0,0,0,0,0,0,0,0,0,0,0,0,0
11,holiday,8,57.61702128,58.72553191,60.21702128,61.31702128,61.96595745,66.3212766,65.40851064,61.40425532,59.85957447,84.9,133.0638298,161.4595745,214.712766,132.8255319,182.4702128,128.9042553,99.38297872,126.3,111.693617,97.92978723,76.44893617,82.1212766,76.83404255,61.09361702
11,holiday,9,797.1340426,780.9212766,659.3404255,706.7297872,658.3893617,648.3404255,799.687234,834.1085106,1031.314894,1155.170213,1272.917021,1327.623404,1193.395745,1253.014894,1411.282979,1321.387234,1394.608511,1721.842553,1764.095745,1599.708511,1521.831915,1453.325532,1188.3,941.2106383
11,holiday,10,33.68085106,12.40638298,20.15957447,2.544680851,11.07021277,7.557446809,2.470212766,19.96170213,151.2170213,308.4957447,185.6914894,222.2489362,86.8893617,166.2978723,77.14468085,36.32765957,93.60851064,131.2553191,67.87234043,186.7297872,42.16170213,24.25744681,9.859574468,0.765957447
