date,geography,geography code,Industry: All categories: Industry; measures: Value,"Industry: A Agriculture, forestry and fishing; measures: Value",Industry: B Mining and quarrying; measures: Value,Industry: C Manufacturing; measures: Value,"Industry: C10-12 Manufacturing: Food, beverages and tobacco; measures: Value","Industry: C13-15 Manufacturing: Textiles, wearing apparel and leather and related products; measures: Value","Industry: C16,17 Manufacturing: Wood, paper and paper products; measures: Value","Industry: C19-22 Manufacturing: Chemicals, chemical products, rubber and plastic; measures: Value",Industry: C23-25 Manufacturing: Low tech; measures: Value,Industry: C26-30 Manufacturing: High tech; measures: Value,"Industry: C18,31,32 Manufacturing: Other; measures: Value","Industry: D Electricity, gas, steam and air conditioning supply; measures: Value","Industry: E Water supply, sewerage, waste management and remediation activities; measures: Value",Industry: F Construction; measures: Value,Industry: G Wholesale and retail trade; repair of motor vehicles and motor cycles; measures: Value,Industry: H Transport and storage; measures: Value,Industry: I Accommodation and food service activities; measures: Value,Industry: J Information and communication; measures: Value,Industry: K Financial and insurance activities; measures: Value,Industry: L Real estate activities; measures: Value,"Industry: M Professional, scientific and technical activities; measures: Value",Industry: N Administrative and support service activities; measures: Value,Industry: O Public administration and defence; compulsory social security; measures: Value,Industry: P Education; measures: Value,Industry: Q Human health and social work activities; measures: Value,"Industry: R,S Arts, entertainment and recreation; other service activities; measures: Value",Industry: T Activities of households as employers; undifferentiated goods - and services - producing activities of households for own use; measures: Value,Industry: U Activities of extraterritorial organisations and bodies; measures: Value
2011,Darlington,E06000005,49014,303,117,4900,481,112,228,709,973,1294,1103,185,295,3743,8107,2525,2698,2165,1880,500,2225,2086,3808,4211,7259,1983,16,8
2011,County Durham,E06000047,227894,2124,922,29983,3302,830,871,4315,5284,9855,5526,2417,2197,18824,33261,10272,12257,4564,5063,2699,8789,9165,19738,23836,31923,9740,89,31
2011,Hartlepool,E06000001,37767,139,267,4410,399,74,118,772,1363,1013,671,666,539,3764,5657,1575,1938,645,789,588,1511,1603,2552,3641,5829,1638,10,6
2011,Middlesbrough,E06000002,54547,82,387,4430,841,83,62,865,1301,503,775,490,380,4620,9124,3002,3705,1266,1358,702,2253,2628,3197,5362,9116,2414,16,15
2011,Northumberland,E06000057,146901,3739,770,13569,1657,325,1050,2614,2293,2430,3200,858,1060,11629,21477,6210,8794,3657,3480,2164,7616,5642,13421,13081,22591,7033,82,28
2011,Redcar and Cleveland,E06000003,56354,285,1126,5815,626,175,91,1072,2314,686,851,693,444,4976,8830,2651,3027,963,1103,898,2635,2441,3624,5545,8787,2473,23,15
2011,Stockton-on-Tees,E06000004,87122,221,617,8672,1233,190,173,1945,2092,1422,1617,1085,651,7200,14458,4022,4379,2086,2713,1125,4854,3900,5958,8721,12928,3500,18,14
2011,Gateshead,E08000037,91877,153,160,9547,892,265,345,1257,2064,2464,2260,773,555,7204,15415,4735,4993,2926,2759,1305,4319,4355,7352,8338,12984,3972,17,15
2011,Newcastle upon Tyne,E08000021,119335,153,231,7315,1051,202,168,1101,1322,1592,1879,691,537,7613,17779,5520,10314,4470,3817,1704,7307,5732,8517,12662,18794,6096,57,26
2011,North Tyneside,E08000022,96026,127,393,7883,655,272,202,1292,1371,1860,2231,671,553,7054,13861,4270,4992,3917,3196,1267,4986,4125,10539,9789,14087,4269,34,13
2011,South Tyneside,E08000023,64622,65,516,7406,315,307,197,627,1436,2658,1866,520,438,5328,9634,3613,3385,1620,1763,882,2542,3009,5705,5738,9616,2814,13,15
2011,Sunderland,E08000024,121511,132,441,14065,772,441,403,1068,1836,6669,2876,2138,983,9345,19613,6325,6813,2825,4684,2028,3841,6028,9471,10845,16641,5251,28,14
2011,Blackburn with Darwen,E06000008,60523,139,26,9741,1190,912,777,1780,1112,1779,2191,194,417,3871,10759,2692,2961,1721,1179,755,2491,2754,3385,6195,8936,2276,25,6
2011,Blackpool,E06000009,61419,73,42,4895,1255,120,38,571,716,1294,901,242,315,4434,9967,2929,7438,1266,1706,634,1950,2796,5750,4089,9171,3697,18,7
2011,Cheshire East,E06000049,181136,2611,364,22226,2868,812,757,5004,2443,6145,4197,711,1125,10925,29530,9329,9152,7359,7579,2799,14487,8691,6629,16972,22343,8094,165,45
2011,Cheshire West and Chester,E06000050,160138,1978,459,18485,2444,377,672,4561,2487,4848,3096,845,1475,10220,27313,6779,9483,4993,7914,2127,11390,7504,7860,15373,18915,6888,113,24
2011,Halton,E06000006,57577,88,94,7218,609,100,166,2166,1073,1600,1504,469,918,4255,10757,3985,2670,2237,1359,672,2589,3065,3723,4413,6881,2170,13,1
2011,Warrington,E06000007,100856,248,85,8815,1164,224,229,1655,1645,1903,1995,918,1856,7262,17648,6163,4744,5124,3332,1215,6825,5235,5691,8663,12627,4348,40,17
2011,Allerdale,E07000026,46076,1569,116,6862,809,289,538,1253,2485,436,1052,541,701,4348,6945,1822,3908,602,507,552,1927,1543,2794,3837,5477,2008,12,5
2011,Barrow-in-Furness,E07000027,31257,122,165,6570,113,51,406,446,739,4197,618,441,264,2387,4728,1296,1962,496,492,221,1000,1055,1913,2381,4539,1209,11,5
2011,Carlisle,E07000028,53874,1363,75,5817,2137,306,208,1147,860,331,828,223,474,4424,10333,3567,3633,916,1010,710,2237,2190,3471,4108,6899,2405,13,6
2011,Copeland,E07000029,32891,691,99,6578,170,100,172,192,5348,250,346,1293,1026,3030,3746,963,2103,431,299,286,1477,1337,1804,2444,4043,1229,10,2
2011,Eden,E07000030,27461,2235,120,1820,547,57,177,106,412,145,376,74,210,2754,4455,1358,3096,370,376,368,1323,1006,1440,2456,2715,1252,27,6
2011,South Lakeland,E07000031,51672,1479,214,4631,688,193,675,389,579,1265,842,313,270,4386,8921,1589,6155,966,885,694,2702,1911,2056,5651,5944,2858,39,8
2011,Bolton,E08000001,123367,198,66,13184,2413,1015,548,1894,2141,2282,2891,1027,1200,10397,23310,6334,5959,3193,4336,1738,6422,6065,6931,11581,16144,5222,43,17
2011,Bury,E08000002,88036,121,49,8021,717,852,407,1766,1237,1218,1824,393,658,6262,15322,4358,4035,3159,3836,1370,5436,4124,5288,9487,12325,3741,43,8
2011,Manchester,E08000003,213705,138,66,11132,2236,1246,276,1536,1290,2042,2506,838,938,9962,33550,11444,19694,8843,9028,3343,15942,14362,8452,24250,30461,11067,113,82
2011,Oldham,E08000004,96300,127,26,10913,1395,905,355,1358,1840,2480,2580,427,748,8029,18287,5586,5659,2196,3145,1450,4332,4615,5077,9185,12638,3806,43,11
2011,Rochdale,E08000005,90753,119,41,10334,906,1449,377,1767,1838,1899,2098,301,765,7630,16713,5530,4413,2162,2830,1385,3881,4385,4898,8711,12990,3619,35,11
2011,Salford,E08000006,106904,107,55,8110,1426,471,290,1271,1262,1483,1907,682,957,7735,19032,5544,7051,3645,4743,1719,6456,6643,5490,9334,14597,4942,40,22
2011,Stockport,E08000007,137130,163,91,11700,1398,627,390,1632,1589,2981,3083,918,681,10030,22003,7254,5910,5419,6758,2074,10588,6940,6791,14538,19039,6129,74,30
2011,Tameside,E08000008,101892,110,44,13449,2286,931,581,1886,2106,2639,3020,830,863,8690,18057,5431,4629,2431,4164,1711,5074,4870,5932,8489,12669,4400,43,6
2011,Trafford,E08000009,110912,136,101,8163,1468,446,248,1308,974,1639,2080,657,677,7212,17093,5340,5098,5315,5791,1837,10177,6187,5333,11557,15137,4984,90,27
2011,Wigan,E08000010,149908,274,129,17662,4567,958,853,1962,2972,3277,3073,841,1561,15106,26920,8344,6855,3566,4210,1850,6351,8018,9278,12716,19334,6822,53,18
2011,Burnley,E07000117,38133,92,15,6821,726,448,168,909,1016,2070,1484,112,268,2826,6386,1445,1842,767,1035,456,1310,1759,2043,3252,6000,1686,14,4
2011,Chorley,E07000118,53702,478,44,5875,807,365,219,597,946,1720,1221,232,474,4488,8899,2126,2457,1515,1382,765,3058,2458,4053,5482,7561,2337,14,4
2011,Fylde,E07000119,34510,337,22,4300,473,84,43,316,516,2289,579,109,159,2172,4607,1067,2549,1271,1500,520,2022,1294,3364,3238,4354,1607,15,3
2011,Hyndburn,E07000120,35993,103,24,6079,675,410,290,780,781,1399,1744,126,256,2883,6633,1771,1701,716,661,369,1273,1442,1942,3558,5004,1443,8,1
2011,Lancaster,E07000121,62832,984,189,3788,422,286,307,353,650,867,903,1636,558,4501,9569,2981,4615,1420,1260,578,2489,2555,3316,9173,10112,3063,35,10
2011,Pendle,E07000122,39324,260,18,8277,969,706,149,758,1112,2195,2388,56,214,2842,6885,1684,1879,763,990,500,1490,1732,1749,3599,4902,1461,19,4
2011,Preston,E07000123,64180,456,32,7054,1074,461,162,634,730,2780,1213,244,463,4265,11733,2967,4074,1887,1530,764,2867,3142,5023,6057,9108,2492,18,4
2011,Ribble Valley,E07000124,28713,835,37,3760,504,231,107,689,652,917,660,78,190,2259,4328,745,1781,642,682,405,1754,902,1579,3559,3899,1251,19,8
2011,Rossendale,E07000125,32808,107,23,4507,355,554,195,655,631,922,1195,94,252,2878,5337,1369,1270,817,809,471,1618,1455,1948,3564,4889,1376,23,1
2011,South Ribble,E07000126,55761,391,24,6800,774,264,134,626,888,2956,1158,246,571,4540,9170,2458,2168,1516,1374,847,2842,2378,5670,5413,7082,2248,16,7
2011,West Lancashire,E07000127,51694,1394,49,5450,1037,335,380,507,995,1037,1159,123,449,3801,8782,2672,2538,1174,1885,548,2549,2148,2843,5923,7118,2224,23,1
2011,Wyre,E07000128,48558,883,102,4315,809,187,84,632,783,1092,728,230,380,4313,7636,1987,3119,1135,1252,497,2286,1626,5252,4802,6495,2219,22,7
2011,Knowsley,E08000011,61691,93,57,5977,742,158,221,794,938,1956,1168,256,576,5490,10059,4079,2922,1334,2237,918,2203,3202,4134,5136,10085,2909,19,5
2011,Liverpool,E08000012,196630,159,120,12330,2163,402,316,1808,1459,3446,2736,581,1171,12708,30032,10918,14598,5447,7178,3219,9635,10013,13872,21362,32804,10354,81,48
2011,Sefton,E08000014,121919,488,132,7924,1376,300,229,884,1382,1742,2011,391,853,9076,20109,6255,6297,3070,5485,1773,6217,5256,11196,12486,18882,5954,60,15
2011,St. Helens,E08000013,78580,202,70,8324,913,326,296,1131,2630,1544,1484,454,1087,6532,13761,4655,3522,1933,1977,1151,3310,3886,4835,7214,12267,3378,18,4
2011,Wirral,E08000015,139929,204,187,14043,2685,251,377,2382,1734,3844,2770,642,1151,9701,20296,6228,6780,3411,4948,2312,8798,6289,10779,14484,22874,6697,74,31
2011,East Riding of Yorkshire,E06000011,158757,4582,500,17707,3009,393,700,2631,2541,4074,4359,1448,912,13219,25124,7417,8252,3464,3113,1781,7920,5579,12241,16998,21525,6864,84,27
2011,"Kingston upon Hull, City of",E06000010,110903,426,231,16851,3972,284,567,2805,2019,3521,3683,879,707,9306,20353,5900,6959,2007,1148,1019,3540,6394,6328,9240,14899,4645,51,20
2011,North East Lincolnshire,E06000012,70776,362,240,11045,4123,121,209,3083,1458,453,1598,519,387,5848,13435,5532,3808,748,942,669,2430,3044,3431,6243,9309,2749,28,7
2011,North Lincolnshire,E06000013,78101,1198,276,15166,2826,132,404,1774,7170,890,1970,553,614,6201,13119,5086,3906,975,1418,741,2611,3090,3876,6577,9857,2796,36,5
2011,York,E06000014,98721,498,64,6571,2475,135,162,401,722,697,1979,310,467,6750,16026,4619,7805,3170,4730,1075,6164,4136,6089,12027,13113,5041,41,25
2011,Craven,E07000163,27600,1103,114,2726,331,194,116,252,326,649,858,61,148,2474,4061,966,2106,610,1283,342,1647,1187,1033,3277,3389,1042,20,11
2011,Hambleton,E07000164,45255,2349,132,3703,995,105,86,480,677,439,921,177,253,3415,6768,1600,2602,890,926,585,2693,1557,5588,4136,5731,2072,53,25
2011,Harrogate,E07000165,81402,1997,92,5371,1188,254,160,476,710,1030,1553,292,421,5744,13712,2572,5364,2658,3498,1065,6870,3466,5381,7647,10442,3811,113,886
2011,Richmondshire,E07000166,27795,1296,77,1678,426,89,34,160,403,233,333,48,134,2025,3143,800,2129,485,367,336,1042,1102,7223,2013,2565,1275,42,15
2011,Ryedale,E07000167,25504,1876,56,2955,930,47,76,266,531,465,640,60,157,2094,3998,862,1902,389,458,423,1481,889,1123,2347,2627,1756,45,6
2011,Scarborough,E07000168,48359,1050,414,5026,1245,80,198,458,794,1126,1125,178,246,3914,7970,1713,5795,631,635,609,1809,1700,2218,4338,7487,2587,25,14
2011,Selby,E07000169,43286,966,208,5053,1731,111,272,388,817,485,1249,850,423,3661,6986,2180,2063,1135,1650,488,2590,1931,2421,4000,4760,1881,31,9
2011,Barnsley,E08000016,103579,530,447,13003,2473,466,445,1488,3667,1917,2547,556,1047,11094,18143,5220,4664,2179,2352,1174,3852,5480,5948,9397,14209,4240,32,12
2011,Doncaster,E08000017,133815,712,762,14254,2274,376,515,1964,3507,2317,3301,977,1282,13018,26026,9277,6686,2874,3253,1099,4422,6512,7818,11407,17837,5539,49,11
2011,Rotherham,E08000018,114871,365,422,15383,1523,282,351,1040,6469,2655,3063,715,1212,10978,20101,6194,5212,2682,3485,1009,4264,5883,6317,10818,15291,4495,35,10
2011,Sheffield,E08000019,244318,420,175,22721,3068,469,537,1182,8655,3553,5257,688,1684,18544,37244,10214,14624,7927,8706,3476,13167,9932,13309,29847,39820,11667,120,33
2011,Bradford,E08000032,218937,621,123,24761,3557,2307,932,2462,3393,4726,7384,764,1798,14553,38656,11917,12328,5619,11161,2934,10412,11010,11033,24284,28243,8582,88,50
2011,Calderdale,E08000033,96645,335,102,12897,1606,1031,332,1506,2561,2501,3360,268,849,7597,14100,3784,4263,2588,7678,1266,4766,3889,5137,10492,12615,3961,50,8
2011,Kirklees,E08000034,192397,676,187,28916,3111,4291,680,3834,4358,5045,7597,734,1593,14814,33594,9426,9242,4653,7205,2160,9828,7934,9884,20326,23558,7590,65,12
2011,Leeds,E08000035,355225,740,246,29611,3982,1672,778,3098,4554,5268,10259,2867,2286,25313,56612,15389,21623,12815,20741,4605,24366,18683,17527,37153,47811,16608,157,72
2011,Wakefield,E08000036,151828,540,690,17348,3863,1303,508,1525,3483,2028,4638,1462,1301,13083,30557,9138,7234,3147,5190,2072,5939,7297,9214,12584,19139,5830,49,14
2011,Derby,E06000015,112422,191,104,17788,2023,584,159,1315,2380,8807,2520,725,1042,7190,18075,6550,6715,3018,2568,1335,5287,5205,4832,10795,16376,4582,29,15
2011,Leicester,E06000016,137494,162,101,20584,5288,4766,736,1455,2068,2506,3765,2024,676,7082,26042,7502,8258,3064,4000,1369,5043,7479,6289,13919,18488,5357,48,7
2011,Nottingham,E06000018,123218,197,90,10266,1966,1139,247,1024,1208,1574,3108,1619,720,7602,21831,6591,9725,4110,2801,1786,5646,7392,5636,13033,18098,6005,56,14
2011,Rutland,E06000017,18037,413,18,2003,259,120,38,437,280,481,388,45,131,1158,2812,538,949,518,387,216,1198,693,2177,2386,1585,769,35,6
2011,Amber Valley,E07000032,59381,395,129,11234,1331,979,350,1766,2087,2519,2202,391,478,5468,9475,2765,2571,1314,961,716,2862,2274,3088,5590,7079,2555,31,5
2011,Bolsover,E07000033,34511,224,294,5251,670,368,105,735,1331,994,1048,185,360,3042,6680,1943,1690,641,592,317,1142,1468,1730,2634,4846,1461,10,1
2011,Chesterfield,E07000034,47901,112,173,5465,489,161,182,602,1809,1057,1165,212,359,3674,8693,2680,2451,1511,994,462,2071,2014,2639,4443,7810,2119,16,3
2011,Derbyshire Dales,E07000035,35005,1224,397,3957,517,240,90,410,1133,868,699,117,358,2966,4830,1384,2591,904,553,555,2272,1270,1790,3892,3971,1915,49,10
2011,Erewash,E07000036,54851,152,63,8968,514,844,164,999,1367,2220,2860,526,406,4761,9778,3331,2523,1481,1185,654,2647,2233,2662,5237,6102,2127,11,4
2011,High Peak,E07000037,45618,436,466,6084,856,210,292,987,1242,1355,1142,198,261,3478,6558,2148,2423,1241,1342,595,2961,1784,2195,5273,6027,2117,25,6
2011,North East Derbyshire,E07000038,46858,429,163,6262,688,350,244,522,1996,1262,1200,194,393,4513,8115,2053,2148,1178,1308,662,2322,1789,2596,4393,6224,2095,17,4
2011,South Derbyshire,E07000039,47886,570,162,8204,1272,143,99,1039,1354,3092,1205,366,390,3748,7752,3012,2101,1230,915,459,2645,2010,1883,4572,5791,2039,33,4
2011,Blaby,E07000129,48276,217,93,5516,516,480,161,483,975,1391,1510,769,281,4650,9286,2109,1903,1224,1871,469,2443,1856,2942,4905,5756,1973,9,4
2011,Charnwood,E07000130,79572,445,255,10657,1177,643,352,1223,1872,2890,2500,672,567,6152,13694,3287,4041,2003,1935,862,4706,3129,3899,10943,8444,3831,40,10
2011,Harborough,E07000131,44079,862,60,4548,451,377,144,548,710,1194,1124,286,232,3571,8035,1853,1893,1377,1500,595,3087,2096,2256,5119,4734,1937,33,5
2011,Hinckley and Bosworth,E07000132,53774,529,144,7390,392,635,251,434,1295,2501,1882,1217,410,4465,10032,2991,2281,1390,1568,523,2906,2128,2561,5294,5730,2202,10,3
2011,Melton,E07000133,26184,660,48,4390,1498,131,395,467,559,535,805,129,210,1970,3998,1098,1302,598,605,266,1622,1053,1539,2584,2619,1461,27,5
2011,North West Leicestershire,E07000134,46291,429,439,6757,918,268,307,785,1349,1857,1273,401,326,4118,8032,3599,2163,1162,897,463,2480,2062,1969,4576,4481,1917,14,6
2011,Oadby and Wigston,E07000135,26399,50,21,2970,413,439,100,301,425,580,712,351,139,1858,5045,1027,1086,647,1064,304,1360,1021,1617,3336,3489,1004,8,2
2011,Boston,E07000136,30807,1653,18,5523,2426,374,410,68,246,476,1523,93,261,1842,6179,1617,1279,310,335,348,816,1987,1049,2000,4489,992,12,4
2011,East Lindsey,E07000137,56311,2532,137,5248,853,254,437,942,578,714,1470,223,561,4435,9851,2404,5039,701,607,708,2152,2052,3687,5410,7436,3066,52,10
2011,Lincoln,E07000138,44599,333,56,4835,1345,70,102,445,660,1322,891,231,592,3447,8567,1826,3197,1101,547,430,1623,2109,3344,3969,6362,2002,17,11
2011,North Kesteven,E07000139,52428,1427,97,5001,1344,135,181,300,642,1341,1058,252,582,4237,8170,2102,2341,1130,794,485,2278,1789,7916,4779,6888,2087,30,43
2011,South Holland,E07000140,41490,2582,19,6552,3476,98,114,175,532,780,1377,153,303,3251,8615,2758,1497,615,851,366,1764,2504,1486,2787,3894,1472,20,1
2011,South Kesteven,E07000141,66532,1229,97,8571,2001,236,252,664,1133,2347,1938,318,601,5145,11595,2770,3303,1949,2017,783,3432,3054,4357,6427,7708,3097,63,16
2011,West Lindsey,E07000142,41968,1724,126,4686,733,95,145,681,945,1045,1042,452,472,3555,6608,1932,1735,673,647,479,2000,1493,3186,4531,5916,1712,31,10
2011,Corby,E07000150,30688,63,17,7260,2385,218,182,1151,1085,1164,1075,90,202,1746,7197,2460,1155,592,379,179,821,1692,1139,2038,2639,999,14,6
2011,Daventry,E07000151,39536,661,23,4900,545,195,80,393,833,1908,946,156,328,2847,7084,2527,1882,1360,1334,573,2672,1859,1810,3845,3833,1787,41,14
2011,East Northamptonshire,E07000152,43417,555,22,5238,803,525,252,602,609,1377,1070,137,409,3799,8093,2560,1527,1294,1267,598,2537,2059,2230,4438,4645,1850,37,122
2011,Kettering,E07000153,46918,228,15,6412,1183,746,447,660,768,1187,1421,186,367,3798,9100,2573,1855,1309,1177,489,2423,2161,2094,4351,6499,1836,23,22
2011,Northampton,E07000154,106792,126,31,10258,1801,973,251,1016,1368,2597,2252,664,595,7838,20187,8265,4982,3442,6142,923,4994,5581,5112,9161,13809,4611,41,30
2011,South Northamptonshire,E07000155,45740,887,31,4893,782,165,104,460,651,1555,1176,158,276,3601,7720,1959,1808,2068,1781,586,3468,2341,2300,4898,4309,2437,48,171
2011,Wellingborough,E07000156,36363,193,26,5078,923,421,261,735,607,1039,1092,122,267,2862,7453,2593,1366,1100,1299,364,1707,1824,1807,3362,3558,1356,13,13
2011,Ashfield,E07000170,55336,139,207,9108,727,1014,165,1474,1824,1889,2015,603,373,5351,10527,3188,2417,996,902,557,2020,2304,2867,4225,7474,2067,8,3
2011,Bassetlaw,E07000171,52814,880,455,6921,2112,139,148,557,1700,891,1374,668,437,4515,9852,2896,2650,921,957,587,1874,1776,2783,4448,7921,2229,40,4
2011,Broxtowe,E07000172,53185,99,54,6241,792,443,109,692,868,1504,1833,627,273,4108,9227,2349,2163,1863,1251,597,3041,2112,3390,6941,6622,2192,22,13
2011,Gedling,E07000173,55598,209,75,5059,509,550,146,458,831,929,1636,699,360,5109,9765,2419,2387,1653,1430,919,2988,2206,4030,6000,7726,2544,19,1
2011,Mansfield,E07000174,48361,186,491,5958,563,511,130,935,1236,1199,1384,395,372,4707,9191,2431,2862,773,897,495,1582,2099,2999,3925,6898,2081,15,4
2011,Newark and Sherwood,E07000175,54555,1044,343,6404,1544,282,211,424,1173,1367,1403,459,572,4660,9166,2521,3367,1630,934,632,2663,2168,3579,5032,6769,2574,29,9
2011,Rushcliffe,E07000176,55346,564,97,4466,706,369,90,474,618,980,1229,536,287,3648,8336,1664,2265,2573,1790,807,5049,2065,3942,7884,6548,2779,37,9
2011,"Herefordshire, County of",E06000019,90237,4893,124,11373,2972,217,455,1674,2115,2028,1912,253,636,7865,15054,2781,4734,1935,1565,1446,4559,3995,4899,8323,11624,4037,109,32
2011,Shropshire,E06000051,150748,5807,245,15942,3787,426,927,1142,2828,3610,3222,547,1419,12527,24248,5864,8283,4021,2946,2027,7832,5932,10279,15144,20642,6843,154,46
2011,Stoke-on-Trent,E06000021,108109,140,173,14704,1566,253,260,1524,5599,3301,2201,1020,696,8619,21274,7059,5852,2238,2890,1087,3164,5262,4282,8300,15734,5576,34,5
2011,Telford and Wrekin,E06000020,78372,713,82,13240,1264,346,485,1172,2224,4885,2864,408,823,4970,13099,3109,3768,3368,2091,977,2767,3568,6444,7292,8535,3065,39,14
2011,Cannock Chase,E07000192,47476,131,68,6812,468,147,152,609,1813,2353,1270,356,673,5519,8955,2731,2265,829,971,464,1681,2057,2770,3647,5621,1908,15,3
2011,East Staffordshire,E07000193,54921,777,98,9036,2849,195,166,793,1282,2526,1225,320,436,4300,9551,3479,2953,1275,870,501,2419,2443,2207,4928,6844,2451,28,5
2011,Lichfield,E07000194,49016,550,51,5694,500,170,106,584,1480,1739,1115,251,429,4319,8364,2312,2349,1432,1537,688,3150,2089,2819,5063,5576,2308,28,7
2011,Newcastle-under-Lyme,E07000195,57366,364,84,7162,791,173,161,701,2215,1998,1123,304,400,4649,10867,2808,2762,1590,1499,700,2458,2380,2486,6191,8028,2607,22,5
2011,South Staffordshire,E07000196,53328,571,46,6473,397,140,121,701,1831,2008,1275,332,523,5267,8986,2050,2298,1305,1999,860,2704,2145,3543,5598,6201,2394,26,7
2011,Stafford,E07000197,64494,1131,48,6312,448,125,119,802,1449,2141,1228,629,462,4500,10347,2854,3174,1938,1385,779,3238,2663,6054,6530,9364,3030,42,14
2011,Staffordshire Moorlands,E07000198,47591,1134,152,6965,786,405,147,798,1610,2008,1211,245,376,4156,7149,2076,2195,868,2009,616,2258,1854,2145,4452,6274,2638,27,2
2011,Tamworth,E07000199,38281,74,79,5250,444,128,142,637,1238,1781,880,190,291,3136,8169,3367,1913,967,1280,295,1486,2063,1557,2991,3445,1714,12,2
2011,North Warwickshire,E07000218,31258,352,175,3979,295,86,79,336,1017,1496,670,211,312,2814,5447,2806,1566,806,809,370,1367,1544,1415,2795,3142,1339,7,2
2011,Nuneaton and Bedworth,E07000219,60205,118,157,8641,595,302,122,464,1692,4294,1172,397,486,3836,11698,4748,2662,1482,1747,540,2353,2717,3103,5278,7659,2559,20,4
2011,Rugby,E07000220,50485,445,40,5991,593,115,67,335,1152,2746,983,411,313,3403,9127,4283,2384,1751,1257,530,2944,2246,2795,5067,5332,2115,38,13
2011,Stratford-on-Avon,E07000221,60765,1408,34,5830,436,145,119,408,1039,2514,1169,399,493,4367,9936,2100,3894,2641,2433,998,5226,3295,2444,6009,5761,3383,90,24
2011,Warwick,E07000222,69608,339,31,7205,584,143,124,435,683,4085,1151,1057,445,3762,10306,2211,3743,3896,1999,923,6705,3005,3407,8639,8339,3514,55,27
2011,Birmingham,E08000025,423691,419,81,39056,4230,1170,673,3211,7798,13861,8113,1962,2709,25686,66500,23981,26715,12873,16916,6275,23868,22365,20528,51328,62912,19203,208,106
2011,Coventry,E08000026,137560,259,69,15880,1088,456,200,890,2312,8627,2307,1045,1114,7444,24019,8959,7793,4486,5181,1734,6226,7161,6330,16370,17195,6220,58,17
2011,Dudley,E08000027,141998,137,63,19978,992,405,402,1623,6977,4792,4787,1563,1260,12996,25433,6283,5930,3387,4348,1716,6354,6094,8696,14033,17966,5706,37,18
2011,Sandwell,E08000028,128630,132,30,18741,2195,539,373,1696,6329,4136,3473,1201,1414,9761,23348,8499,6475,2417,4009,1803,4564,6795,6076,11140,16806,5365,44,10
2011,Solihull,E08000029,97941,200,32,9837,675,211,149,668,1540,4862,1732,1435,795,7621,15257,4435,4749,4261,4997,1520,6969,5230,4764,10211,11448,4097,57,26
2011,Walsall,E08000030,112270,126,61,16284,1135,986,315,1349,5829,4019,2651,554,1275,9783,21624,6714,5228,1941,3457,1633,3997,5060,5292,10827,13980,4391,38,5
2011,Wolverhampton,E08000031,104284,193,39,14013,1755,583,255,1161,4355,3557,2347,609,1020,7586,18153,6322,5367,2239,3483,1509,3673,4932,5674,10168,14942,4309,41,12
2011,Bromsgrove,E07000234,46251,307,15,4981,439,108,90,343,1008,1762,1231,299,341,3801,6708,1370,2075,1733,1810,776,3383,2084,2479,5415,6507,2135,27,5
2011,Malvern Hills,E07000235,34361,977,31,3714,372,124,140,547,580,1125,826,171,247,2736,5109,953,1676,1226,773,571,2806,1481,1887,3980,4316,1668,34,5
2011,Redditch,E07000236,42922,178,6,8192,477,109,86,547,1939,3424,1610,220,304,3109,8015,1972,1805,1410,1051,405,2039,2276,2072,3277,5085,1487,16,3
2011,Worcester,E07000237,50101,122,34,5929,638,112,95,555,1278,2082,1169,421,371,3110,8762,2347,2819,1664,1023,919,2672,2190,3459,5394,6542,2290,31,2
2011,Wychavon,E07000238,58268,1491,58,7300,1200,170,131,622,1318,2292,1567,347,457,4583,10199,2313,2896,1803,1630,920,3951,2852,3271,5237,6278,2606,66,10
2011,Wyre Forest,E07000239,46339,337,26,7072,319,1069,282,500,1559,1679,1664,212,482,3653,8565,2217,2209,1131,955,815,2198,2055,2207,4155,5754,2255,34,7
2011,Bedford,E06000055,75810,554,38,6440,1142,154,160,663,947,1872,1502,516,609,5721,12949,4293,3412,2951,2080,997,5017,3729,4899,8827,9398,3295,46,39
2011,Central Bedfordshire,E06000056,132061,883,101,13253,1077,294,468,1520,2201,4188,3505,367,872,12766,22555,7075,5088,6015,4366,2032,8863,6161,8293,13821,12666,6762,95,27
2011,Luton,E06000032,89201,98,14,8241,1072,344,92,775,814,3267,1877,193,511,7231,15850,8987,5477,2933,2348,1297,4194,5625,3895,8915,9608,3701,61,22
2011,Peterborough,E06000031,88044,727,47,10400,2605,204,144,616,1068,3466,2297,238,667,5257,16112,5482,4252,3227,4432,1086,3887,6553,5541,7056,9551,3405,50,74
2011,Southend-on-Sea,E06000033,81339,130,26,5542,280,249,133,604,786,1550,1940,203,499,6558,11469,3957,3860,2590,9046,1321,4695,3925,4777,8157,10391,4145,37,11
2011,Thurrock,E06000034,77420,136,63,5677,550,154,232,945,822,1488,1486,506,922,7507,15458,7686,3256,2189,4873,999,3676,4077,3825,6122,7516,2870,38,24
2011,Cambridge,E07000008,59437,115,34,2848,245,50,44,470,281,1037,721,89,206,2127,6280,1431,3748,4661,961,551,8581,2303,1627,13596,7306,2690,58,225
2011,East Cambridgeshire,E07000009,43919,1465,33,4609,424,190,313,718,617,1235,1112,117,386,4055,6478,1956,1487,1945,939,581,3848,1675,1862,4957,4681,2328,55,462
2011,Fenland,E07000010,44514,1466,29,6941,2387,373,368,394,885,1085,1449,133,409,4318,7662,2552,1518,853,976,518,1830,2745,2804,3274,4797,1645,15,29
2011,Huntingdonshire,E07000011,88991,1027,83,10891,1103,218,524,1541,1425,2976,3104,270,905,6789,13947,3493,3792,3864,2518,1339,6306,4143,7087,7876,10006,3814,55,786
2011,South Cambridgeshire,E07000012,79139,979,67,6888,493,169,203,1208,987,2038,1790,130,484,5309,10223,2280,2912,5042,1789,1112,9539,3169,3749,12093,9789,3398,91,96
2011,Basildon,E07000066,83006,147,28,6909,390,196,116,844,839,2645,1879,308,770,9082,13619,5072,3327,2704,7876,1120,4688,4062,3866,6564,9183,3618,41,22
2011,Braintree,E07000067,74200,755,46,7442,759,217,221,711,1558,1980,1996,185,600,7828,12125,4422,2896,2268,4263,1102,4625,3457,4181,6581,8076,3284,57,7
2011,Brentwood,E07000068,36251,174,12,2033,131,70,33,216,259,715,609,117,192,3330,4370,1465,1393,1655,4786,555,3124,1617,1802,3947,4004,1626,26,23
2011,Castle Point,E07000069,41443,59,22,3562,175,131,86,471,486,1223,990,213,442,5173,6770,2505,1451,1093,3929,561,2248,1810,1998,3551,4167,1863,16,10
2011,Chelmsford,E07000070,86451,501,43,6041,577,145,141,552,771,2302,1553,243,580,7583,12840,3891,3539,3252,8172,1333,6433,3689,5761,8812,9632,4021,62,23
2011,Colchester,E07000071,85587,542,89,5636,669,164,185,477,855,1364,1922,233,535,7077,13718,3721,4036,3019,4870,1247,4918,3818,6796,9735,11517,3981,72,27
2011,Epping Forest,E07000072,61609,356,31,3378,247,237,90,357,513,637,1297,159,417,6751,9096,3223,2228,2504,5236,1403,5049,3239,3154,5848,6044,3411,52,30
2011,Harlow,E07000073,40401,67,6,3841,237,72,64,693,646,1044,1085,118,318,3873,8244,2724,1797,1369,1173,420,1811,2199,1876,3246,5610,1667,35,7
2011,Maldon,E07000074,30292,436,32,3296,282,83,85,308,533,1023,982,213,386,3507,4752,1379,1149,734,1765,430,2037,1376,1442,2759,3109,1454,34,2
2011,Rochford,E07000075,40662,207,12,3393,132,89,68,404,437,1168,1095,173,271,4280,5754,1951,1363,1265,4894,615,2649,1676,2533,3609,4159,1824,25,9
2011,Tendring,E07000076,54857,676,28,3929,363,143,169,478,707,953,1116,232,477,5353,9886,3981,2927,1241,1813,757,2271,2493,2690,5275,7976,2812,27,13
2011,Uttlesford,E07000077,40772,660,19,3513,246,121,68,517,465,938,1158,80,224,3738,6118,2371,1554,1607,2340,645,3794,2060,2184,4277,3727,1788,57,16
2011,Broxbourne,E07000095,46222,151,12,3054,287,154,80,447,478,595,1013,199,389,5557,9007,3040,1972,1678,2566,870,2796,2540,2366,4028,3727,2209,50,11
2011,Dacorum,E07000096,73437,271,65,4821,367,131,125,532,580,1374,1712,220,393,6218,12673,3836,3273,5042,2963,1013,6329,4051,3725,7255,7229,3952,89,19
2011,East Hertfordshire,E07000242,72225,459,49,6161,377,123,117,1753,760,1286,1745,153,413,6355,11268,3553,3058,3438,4288,1231,6970,3702,4121,7559,6241,3111,71,24
2011,Hertsmere,E07000098,49428,95,30,2221,176,174,58,312,264,475,762,165,221,3849,8195,2316,2097,2811,2850,1344,4591,2697,2236,5126,5517,2940,106,21
2011,North Hertfordshire,E07000099,64990,417,39,6538,364,140,94,1366,1156,1859,1559,156,405,4895,10445,2471,2372,3612,2831,1144,6032,2979,3614,6761,6965,3254,42,18
2011,St Albans,E07000240,71378,198,84,3503,401,150,44,590,386,901,1031,179,306,4421,10141,2450,2657,5390,5029,1169,9533,3137,3218,8669,7427,3732,88,47
2011,Stevenage,E07000243,42738,45,12,3997,281,58,46,644,824,1295,849,157,243,4031,8054,2250,2112,2122,1497,527,2439,2163,2348,3322,5370,2006,35,8
2011,Three Rivers,E07000102,43999,75,46,2241,192,73,73,321,237,584,761,136,301,3938,6658,2175,1681,2820,2416,799,4080,2300,2455,4482,4846,2452,49,49
2011,Watford,E07000103,47634,36,25,2607,188,88,67,429,273,613,949,132,292,3626,8208,2930,2397,3034,2196,694,3485,2722,2350,4391,5870,2550,55,34
2011,Welwyn Hatfield,E07000241,52981,131,43,3552,269,135,58,699,471,887,1033,145,459,3857,10935,2431,2454,2835,2233,750,4033,2824,2537,5173,5899,2593,76,21
2011,Breckland,E07000143,61301,2556,75,8195,2375,153,200,1083,976,1227,2181,163,561,5199,10341,3094,3110,963,1601,781,2585,2705,4152,5070,7022,2715,39,374
2011,Broadland,E07000144,61541,881,175,5416,742,201,193,746,811,1160,1563,290,408,5945,10830,2435,2977,1571,3943,876,3210,2512,3571,5459,8202,2773,55,12
2011,Great Yarmouth,E07000145,41264,455,671,3899,1130,85,46,296,632,922,788,253,309,3363,7422,2026,3911,515,812,385,1997,1928,1836,3167,6081,2203,16,15
2011,King`s Lynn and West Norfolk,E07000146,67268,2240,127,8613,2867,222,366,831,900,1600,1827,226,577,6267,11699,2690,3898,881,1387,841,2530,2897,4682,5571,8879,2746,96,421
2011,North Norfolk,E07000147,43183,1585,151,3996,1059,131,126,463,560,744,913,201,301,3934,7568,1588,3427,703,1014,617,2111,2002,1823,3974,5670,2451,50,17
2011,Norwich,E07000148,62424,198,92,4290,877,182,155,553,584,837,1102,128,371,3933,10767,2229,4653,2096,3984,809,3711,2965,2924,7164,8697,3356,43,14
2011,South Norfolk,E07000149,60333,1782,140,5587,993,196,305,515,938,1153,1487,199,366,5284,9740,2282,2591,1489,3161,986,3926,2324,3249,6416,8101,2637,58,15
2011,Babergh,E07000200,42250,825,27,5033,588,456,101,526,726,1264,1372,205,309,4001,6554,1881,2118,1245,1898,603,2586,1885,2409,4103,4657,1842,48,21
2011,Forest Heath,E07000201,31540,759,12,3163,378,101,273,359,448,748,856,65,238,2475,4301,1521,1716,660,551,350,1702,1411,2208,1874,2692,2581,26,3235
2011,Ipswich,E07000202,65479,251,31,5183,1244,91,73,408,606,1021,1740,639,423,5269,11560,4917,3671,2670,4004,670,2449,3367,3517,5148,9005,2661,23,21
2011,Mid Suffolk,E07000203,48570,1661,41,4823,1205,145,178,593,598,1023,1081,355,321,4717,7904,2618,1826,1471,1658,619,2925,2035,3505,4480,5454,2050,57,50
2011,St Edmundsbury,E07000204,56483,919,30,7399,1865,159,183,1122,871,1312,1887,275,325,4277,9381,2543,2728,1451,1317,751,3210,2556,4101,4756,7566,2406,75,417
2011,Suffolk Coastal,E07000205,58257,1271,53,3299,398,103,101,260,476,1027,934,947,360,4109,8188,5649,3254,3050,2083,798,2948,2391,3954,5660,7107,3043,70,23
2011,Waveney,E07000206,49181,777,518,5698,1393,98,158,944,690,711,1704,562,529,4551,8573,1992,3510,664,989,609,2494,2208,2381,4443,6320,2320,27,16
2011,Camden,E09000007,108966,62,190,1959,299,287,30,243,158,308,634,228,162,3143,10524,2843,6644,10690,10862,2232,19806,4426,3739,10941,11069,8450,621,375
2011,City of London,E09000001,4747,2,9,69,8,5,3,7,6,14,26,5,6,78,228,78,214,379,1067,65,1265,176,196,326,248,321,5,10
2011,Hackney,E09000012,118556,53,68,3014,457,767,59,198,194,295,1044,151,288,4458,13654,3828,7983,11247,5790,2459,17752,6893,4768,13475,12444,9885,219,127
2011,Hammersmith and Fulham,E09000013,99618,80,252,2338,515,315,28,320,183,335,642,244,191,3991,10590,3207,6813,9586,9840,2901,16072,5403,3025,8188,9346,6536,604,411
2011,Haringey,E09000014,124296,53,65,3084,544,678,46,249,247,398,922,177,327,7783,14608,4551,10585,10208,5185,2445,14132,7807,5273,14246,13600,9577,404,186
2011,Islington,E09000019,106765,45,119,2175,268,404,31,198,195,264,815,206,259,3768,10146,3163,5996,10793,9644,1893,20470,4744,4499,10356,10319,7786,202,182
2011,Kensington and Chelsea,E09000020,81387,123,291,1878,354,280,29,288,141,319,467,196,122,2393,7804,2037,4097,6076,17494,2762,13599,3469,1865,4894,5476,5112,1009,690
2011,Lambeth,E09000022,166494,66,214,3213,471,369,61,384,329,488,1111,348,343,7299,16900,5660,12610,14489,11770,3326,23314,12403,9214,14825,17746,11833,574,347
2011,Lewisham,E09000023,136057,42,100,2906,394,295,71,234,339,470,1103,328,440,7484,15527,5618,9818,8883,8564,2562,12784,8259,8599,15733,17374,10619,251,166
2011,Newham,E09000025,132454,94,34,3961,812,699,55,282,325,748,1040,260,601,11223,22662,7987,15665,5525,6776,2215,7109,11612,5509,11320,13685,5705,342,169
2011,Southwark,E09000028,147388,75,164,2771,408,345,49,240,273,392,1064,262,370,5988,14602,5561,12005,10646,12717,2293,18863,10712,7481,13692,18357,10223,312,294
2011,Tower Hamlets,E09000030,120873,35,112,2711,326,719,32,212,186,369,867,203,267,3731,12937,4468,11826,9784,18096,2044,16285,5882,4529,10961,9809,6786,115,292
2011,Wandsworth,E09000032,178582,77,497,4131,755,400,72,652,340,751,1161,533,319,7443,18182,5402,9854,16301,19244,4428,30051,10225,7782,14792,17344,10664,922,391
2011,Westminster,E09000033,111179,77,466,2440,417,391,21,381,198,400,632,343,206,3210,10977,2875,7269,8995,18921,3322,18640,4801,4498,7007,8053,6726,1101,1252
2011,Barking and Dagenham,E09000002,75217,44,33,3419,470,264,61,377,444,890,913,175,682,7844,11465,6292,4272,2387,3643,1185,3344,5647,3979,6678,10582,3354,126,66
2011,Barnet,E09000003,170658,72,146,4908,675,640,104,604,490,799,1596,364,513,12047,24830,6584,9751,10438,10262,4774,19438,8707,6618,19418,19776,10589,948,475
2011,Bexley,E09000004,110159,81,77,5080,751,185,156,518,623,910,1937,655,797,11877,15997,6898,4208,4470,8376,2012,7829,5456,8480,10596,11909,5174,105,82
2011,Brent,E09000005,147461,66,111,6724,2391,479,106,616,554,877,1701,285,452,13062,25104,8346,11648,9262,6426,2664,12321,9785,5241,11987,15118,7762,705,392
2011,Bromley,E09000006,151368,160,170,5147,501,301,110,620,553,971,2091,490,536,12577,18913,6075,5444,8729,15449,3058,15179,7586,10344,15743,16888,8471,259,150
2011,Croydon,E09000008,172987,76,160,5491,490,346,114,702,680,1133,2026,442,701,13275,25177,9768,8275,9257,12402,3191,13384,9786,13611,16850,22278,8424,263,176
2011,Ealing,E09000009,164820,70,276,7753,2360,405,67,1078,701,1234,1908,357,667,13053,23686,12046,11110,13812,6724,2921,14572,11178,6238,14891,16071,8431,552,412
2011,Enfield,E09000010,137622,128,65,5338,851,959,102,458,630,764,1574,380,636,10559,22131,7388,8310,6392,7225,3302,10207,7651,7592,15343,16931,7659,257,128
2011,Greenwich,E09000011,117821,110,104,3518,652,233,79,328,410,559,1257,371,575,8771,14359,5839,7942,5924,9028,2151,9599,8116,7712,12018,14104,7180,212,188
2011,Harrow,E09000015,113900,35,123,4923,897,311,142,808,411,899,1455,307,395,9356,19927,6279,4967,7212,7137,2033,11262,5807,5322,10882,12431,5098,247,157
2011,Havering,E09000016,112846,97,63,6095,471,250,119,818,797,1767,1873,437,842,12972,16473,7536,3777,3924,11209,1686,7428,5326,7086,10462,12080,5223,91,39
2011,Hillingdon,E09000017,130290,109,150,6978,1214,189,109,1190,914,1474,1888,445,720,10567,20635,14171,7540,7311,4864,1708,8266,7739,7256,12350,13392,5761,167,161
2011,Hounslow,E09000018,127032,70,280,5020,951,221,53,886,490,1115,1304,330,491,7396,18866,14758,10612,10537,5403,1928,9360,9027,5457,9356,11219,6316,399,207
2011,Kingston upon Thames,E09000021,81957,63,195,3026,351,150,44,475,356,733,917,301,264,4844,11922,3319,3966,6464,5076,1308,8805,4355,4608,9114,9004,4965,193,165
2011,Merton,E09000024,104822,33,244,3212,414,245,51,480,394,596,1032,292,348,7578,13717,4583,5575,7208,7909,1906,11764,6540,5351,9696,12278,6023,377,188
2011,Redbridge,E09000026,124692,56,80,4340,512,530,86,389,408,1102,1313,242,326,9184,18770,7279,5969,7078,10527,2694,10387,6377,7405,14081,14277,5344,158,118
2011,Richmond upon Thames,E09000027,99204,52,563,3528,600,192,45,675,312,787,917,423,236,4283,10320,4036,3953,11256,7260,2154,15264,4743,4556,11113,8394,6572,326,172
2011,Sutton,E09000029,97658,87,134,3539,270,157,70,441,518,744,1339,334,503,9572,14020,5214,3586,5231,5825,1608,7574,5368,7080,9314,13318,5063,215,73
2011,Waltham Forest,E09000031,121021,70,51,4216,729,556,111,291,511,541,1477,244,622,11547,16551,6647,9290,5861,5728,2290,8280,8185,6632,13508,13666,7247,249,137
2011,Bracknell Forest,E06000036,61914,135,107,4184,273,82,57,688,460,1517,1107,332,356,4477,10044,3537,2920,6180,1770,816,4611,3791,3809,5402,6152,3164,103,24
2011,Brighton and Hove,E06000043,139823,151,64,5237,439,278,194,587,618,1420,1701,1152,651,8594,19167,5860,9143,8583,9367,2490,10788,7018,6213,17332,18779,9023,149,62
2011,Isle of Wight,E06000046,59299,735,70,5335,143,376,72,312,520,3124,788,227,351,5034,9379,2380,5393,1090,888,927,2568,2266,4047,5831,9277,3410,76,15
2011,Medway,E06000035,126689,446,83,9603,581,256,728,1081,1462,2767,2728,966,1523,13857,22022,7672,5639,3398,6336,1591,5988,6408,9688,11215,14754,5355,103,42
2011,Milton Keynes,E06000042,127783,276,74,10225,1380,274,302,1029,1354,3389,2497,272,611,7339,26365,8348,5762,8212,6704,1523,8459,6933,5742,13401,11945,5458,58,76
2011,Portsmouth,E06000044,96619,127,41,8426,353,215,108,913,1046,3861,1930,1303,656,8065,14303,4664,6629,3541,2614,1145,3887,5547,9324,9763,12147,4369,34,34
2011,Reading,E06000038,79852,109,260,3949,370,68,50,528,510,1287,1136,466,890,4955,12396,3644,4719,8887,3290,821,7243,4586,3714,7763,8708,3290,97,65
2011,Slough,E06000039,67300,101,52,5437,1002,90,73,1197,490,1306,1279,358,469,4082,11088,8469,4667,4747,1751,556,3336,5393,2434,4774,6909,2572,88,17
2011,Southampton,E06000045,112608,240,84,9556,1260,201,108,896,958,3245,2888,735,739,8900,19642,7505,7242,3370,4702,1303,6375,5846,4677,11639,15091,4866,69,27
2011,West Berkshire,E06000037,81679,762,136,6414,482,135,251,716,1251,2008,1571,557,754,6317,12911,3012,3607,8668,2878,1286,6774,4107,4641,7889,6794,3947,200,25
2011,Windsor and Maidenhead,E06000040,73951,229,209,5524,735,137,64,1174,514,1506,1394,499,446,4166,10216,4491,3796,7874,2482,1300,7667,4070,3606,7281,5688,4095,232,80
2011,Wokingham,E06000041,81377,264,249,5348,406,95,61,749,642,1928,1467,638,559,5387,11852,3044,2615,10267,3491,1050,8061,3766,4197,9351,7170,3926,104,38
2011,Aylesbury Vale,E07000004,90724,1168,59,7229,796,146,180,818,846,2047,2396,211,740,6945,14693,3884,3721,4892,3640,1280,6994,4514,6316,9308,10550,4399,136,45
2011,Chiltern,E07000005,44785,220,89,3029,299,92,61,526,365,673,1013,129,236,3151,6488,1698,1634,3442,2301,931,5366,2174,1728,5042,4571,2414,103,39
2011,South Bucks,E07000006,33117,113,116,2514,339,80,37,494,318,592,654,187,207,2593,4819,2020,1617,2774,1311,660,3419,1665,1382,2947,3054,1600,82,37
2011,Wycombe,E07000007,86350,332,100,7723,664,162,158,1133,908,1997,2701,225,863,6239,14830,3854,3888,6634,2654,1320,7779,4355,4343,8437,8218,4375,135,46
2011,Eastbourne,E07000061,44449,88,12,2390,118,121,53,327,364,641,766,140,291,3640,8153,1929,3245,951,1451,652,2005,1934,2216,4793,8197,2304,46,12
2011,Hastings,E07000062,40671,142,27,2828,178,83,69,228,474,868,928,135,258,3978,6747,1694,2273,972,1345,563,1852,1626,2830,3834,7497,2018,47,5
2011,Lewes,E07000063,45532,386,20,2771,173,105,78,347,360,808,900,151,444,3947,6657,2203,2267,1577,2111,748,2957,2048,2799,5359,6267,2712,92,16
2011,Rother,E07000064,37583,670,29,2135,171,93,65,169,405,541,691,162,266,3798,5595,1422,2123,1054,1743,637,2499,1747,2051,3742,5721,2074,100,15
2011,Wealden,E07000065,71084,1120,52,4403,270,216,174,484,703,1143,1413,246,452,7232,11175,2668,3423,2460,3637,1137,5501,3467,3310,7026,9538,4030,188,19
2011,Basingstoke and Deane,E07000084,90122,669,93,8637,538,136,409,1006,1427,2967,2154,946,553,6861,15247,3713,3789,8435,4553,1105,6272,4813,4889,6861,8648,3856,167,15
2011,East Hampshire,E07000085,58457,750,83,5040,328,137,117,884,672,1718,1184,319,331,4800,8588,2001,2496,3545,2117,824,4958,3073,3769,6156,6446,3021,123,17
2011,Eastleigh,E07000086,65768,172,50,5851,464,95,56,428,664,2434,1710,355,381,5810,10851,3764,2773,3008,3281,856,4294,3042,4139,6292,7781,3008,46,14
2011,Fareham,E07000087,56445,149,35,5581,252,139,56,440,703,2632,1359,403,366,4506,8331,2886,2357,2513,2368,697,3487,2571,5887,5587,6329,2337,41,14
2011,Gosport,E07000088,40063,40,21,4219,186,91,104,316,494,1639,1389,281,282,3056,5856,2008,2099,1021,1053,421,1452,2198,6076,3297,4960,1689,25,9
2011,Hart,E07000089,48047,188,115,3350,180,74,37,440,442,1304,873,188,278,3280,6818,2098,2120,4975,2212,611,4358,2496,4011,4537,4104,2208,80,20
2011,Havant,E07000090,55555,128,27,6457,229,204,64,1024,859,2896,1181,873,546,5851,9228,2392,2718,2111,1413,670,2488,2980,3576,5008,6592,2455,35,7
2011,New Forest,E07000091,82993,863,130,7424,449,133,124,1779,1094,2230,1615,524,627,7409,12666,3990,5243,2613,3015,1402,5688,3871,4437,7760,10870,4272,159,30
2011,Rushmoor,E07000092,51087,51,44,3572,196,62,38,423,492,1452,909,213,366,3785,8072,2550,2751,3189,1907,519,3062,3457,5903,3712,5637,2227,54,16
2011,Test Valley,E07000093,59611,897,42,5812,677,155,231,494,784,2131,1340,210,357,4436,9541,2439,2466,3007,3495,957,4063,2677,4611,5595,6245,2625,116,20
2011,Winchester,E07000094,57318,922,60,3482,372,132,83,386,478,1150,881,220,322,3812,7444,2004,3047,3703,2159,965,5290,2535,4545,6817,7160,2701,112,18
2011,Ashford,E07000105,57546,951,47,4986,464,122,227,1066,653,763,1691,382,432,5930,9845,3070,2955,1710,1935,650,3519,3155,2891,5002,7255,2725,95,11
2011,Canterbury,E07000106,65620,545,28,3341,271,79,227,540,444,868,912,209,350,5415,11063,2546,4282,1734,1725,778,3810,2569,3725,10669,9546,3207,59,19
2011,Dartford,E07000107,49611,106,44,3202,276,86,156,494,479,636,1075,252,518,5337,8721,3285,2084,1747,2922,733,3005,2515,3041,4041,5852,2149,44,13
2011,Dover,E07000108,50396,641,42,2951,466,68,168,621,392,514,722,211,328,4241,7241,5014,2718,826,1209,504,2714,2565,4444,5202,7179,2297,56,13
2011,Gravesham,E07000109,47639,392,52,3568,268,103,317,551,655,584,1090,301,389,5689,8840,3147,2229,1316,2237,675,2468,2586,2647,4253,4773,2030,27,20
2011,Maidstone,E07000110,78090,1066,61,5163,478,129,434,745,712,1090,1575,456,688,8308,12733,3798,3600,2579,3775,1073,4890,4178,6204,6951,9039,3410,94,24
2011,Sevenoaks,E07000111,56015,435,93,3160,281,117,155,360,434,705,1108,214,316,5261,8203,2343,2111,2617,4899,1116,5597,2868,2889,5523,5371,2835,145,19
2011,Shepway,E07000112,48280,496,39,2497,243,67,71,496,406,362,852,857,429,4671,7431,3102,2886,964,2357,529,2134,2946,3674,4311,6818,2085,38,16
2011,Swale,E07000113,62810,932,45,6495,597,132,650,1046,1630,1120,1320,305,666,6677,10356,3939,2795,1409,2220,873,3094,3063,4468,5960,6826,2612,54,21
2011,Thanet,E07000114,55200,469,19,4120,323,87,103,1059,488,949,1111,343,356,5210,8950,2738,3200,1050,1537,731,2734,2517,2870,6533,9059,2714,41,9
2011,Tonbridge and Malling,E07000115,59993,402,77,4070,313,106,355,539,471,868,1418,247,635,5685,9643,2850,2408,2367,4286,871,4581,3137,3384,6153,6288,2790,98,21
2011,Tunbridge Wells,E07000116,57234,716,63,2796,351,118,114,348,294,539,1032,189,250,4452,8934,2002,2644,2953,5345,922,5460,2882,2146,5765,6790,2766,132,27
2011,Cherwell,E07000177,74829,867,34,8621,1660,148,197,745,849,2815,2207,262,473,5519,13217,3380,3253,3655,1827,808,4971,3401,5022,7836,7864,3475,99,245
2011,Oxford,E07000178,69807,108,22,3534,142,63,33,279,198,2108,711,321,206,2826,7722,2241,4767,4595,872,643,6544,2450,2222,16452,10536,3576,78,92
2011,South Oxfordshire,E07000179,70087,723,119,5044,427,134,124,574,530,1795,1460,484,700,5271,10157,2544,3101,5025,1961,985,7916,3289,4458,7580,7103,3423,170,34
2011,Vale of White Horse,E07000180,63181,601,111,4803,271,105,65,663,543,1660,1496,457,484,4923,8635,1974,2520,4016,1356,878,6973,2628,4834,8667,6178,3015,90,38
2011,West Oxfordshire,E07000181,56515,750,89,5130,391,147,209,506,548,1540,1789,199,369,4565,8493,1825,2559,2970,1263,893,4497,2308,5186,6644,5689,2960,114,12
2011,Elmbridge,E07000207,64730,137,324,3256,390,140,48,492,337,904,945,255,242,3825,8248,2750,2437,5541,4975,1391,8770,3650,2775,6292,5712,3897,198,55
2011,Epsom and Ewell,E07000208,38005,39,93,1423,175,56,38,204,195,299,456,135,174,3168,5154,1641,1381,2259,2684,661,3931,1883,2295,3836,5042,2091,83,32
2011,Guildford,E07000209,70021,219,220,3820,334,120,42,527,448,1420,929,243,373,4901,9818,2521,3432,5341,3560,1078,7526,3414,4179,7964,7404,3823,151,34
2011,Mole Valley,E07000210,42422,322,177,2102,204,86,38,345,237,538,654,134,204,3493,5379,1611,1806,2565,2801,909,4935,2497,2049,4463,4380,2459,119,17
2011,Reigate and Banstead,E07000211,71236,173,135,3270,193,118,101,478,391,853,1136,345,399,5915,9487,4481,3031,3771,6325,1209,6282,4209,3792,6325,8743,3224,88,32
2011,Runnymede,E07000212,40651,109,160,2426,197,62,24,384,390,740,629,259,199,2915,6344,3518,2135,2765,1358,586,3313,2223,1905,3788,4182,2332,119,15
2011,Spelthorne,E07000213,50161,52,181,2661,264,73,42,391,384,763,744,383,351,3730,7347,7520,2193,3414,1806,718,3167,2924,2843,3967,4291,2511,77,25
2011,Surrey Heath,E07000214,44968,76,125,3056,179,66,33,488,321,1102,867,190,282,3225,6561,2734,1960,3817,1893,706,3792,2524,3013,3766,4856,2289,75,28
2011,Tandridge,E07000215,41813,257,43,1912,137,90,52,249,221,480,683,149,256,4043,5602,1965,1488,2085,3477,744,3974,2251,2459,4166,4676,2162,88,16
2011,Waverley,E07000216,59178,340,141,3072,229,99,62,478,413,979,812,206,222,4376,8105,1917,2508,4438,3241,1008,6998,3131,2639,7212,6058,3332,203,31
2011,Woking,E07000217,51341,90,191,3038,293,64,45,358,333,1161,784,180,272,3275,7593,2787,2089,4217,2970,688,5509,2937,2714,4222,5321,3087,119,42
2011,Adur,E07000223,29356,70,23,2417,120,57,32,387,372,690,759,447,292,2877,4966,1509,1186,891,1613,461,1562,1332,1393,2687,4171,1431,23,5
2011,Arun,E07000224,67443,1241,55,5896,592,159,104,691,852,2037,1461,292,692,5806,11500,3005,4339,1899,2174,1052,3339,3509,3618,5604,9711,3606,94,11
2011,Chichester,E07000225,53285,1141,49,3830,455,187,82,338,469,1308,991,148,248,4189,8098,1774,3424,2098,1633,1085,3869,2738,3262,5452,7101,2957,177,12
2011,Crawley,E07000226,55466,50,92,3625,206,43,57,507,447,1380,985,507,271,3452,9421,8601,4453,2099,2803,459,2471,4344,2438,3337,4996,2005,30,12
2011,Horsham,E07000227,66299,799,94,5031,290,127,124,968,685,1537,1300,314,394,5081,10195,4047,2762,3222,4074,1194,5506,3738,2948,6390,6742,3616,121,31
2011,Mid Sussex,E07000228,72229,459,85,4124,241,102,97,484,641,1317,1242,390,377,5509,9702,4673,3173,3593,5583,1012,5588,4108,3222,7269,9393,3817,131,21
2011,Worthing,E07000229,50611,165,26,4266,276,101,54,1072,486,1242,1035,611,741,3699,7972,2100,2238,1840,2831,747,2807,2387,3115,4086,8468,2455,51,6
2011,Bath and North East Somerset,E06000022,84858,558,112,6024,633,383,427,513,755,1456,1857,334,792,6210,12476,2684,5620,4399,2868,1270,6627,3315,5555,10783,10928,4167,109,27
2011,Bournemouth,E06000028,89186,138,72,6151,628,161,83,544,905,2510,1320,211,415,6530,15229,3763,7285,3190,7813,1603,4513,3936,3359,7914,12271,4718,61,14
2011,"Bristol, City of",E06000023,209995,208,142,13609,1766,391,404,940,1823,5540,2745,808,1409,13864,30464,9077,12308,11087,12658,2691,17623,10993,11427,22801,29324,9299,177,26
2011,Cornwall,E06000052,244527,7351,1598,19279,4955,686,721,1376,2147,3996,5398,868,1862,21957,41126,9146,22376,4244,3728,3462,11558,10635,15518,23774,33071,12652,264,58
2011,Isles of Scilly,E06000053,1311,75,5,40,9,1,1,0,6,8,15,6,11,95,134,131,313,7,13,28,22,78,78,107,105,61,2,0
2011,North Somerset,E06000024,97563,890,164,7998,1272,210,343,610,1223,2636,1704,432,1049,7585,16703,4686,4857,3585,5085,1562,6443,4340,6126,8663,12883,4424,73,15
2011,Plymouth,E06000026,117466,222,188,11493,1186,222,117,662,1290,4788,3228,877,642,8733,18796,6354,7066,2756,2342,1604,4561,4947,12772,11951,16819,5256,64,23
2011,Poole,E06000029,71709,128,105,8056,790,188,79,737,1415,3430,1417,242,578,6105,12080,2901,3579,2175,4653,1276,3647,3151,3758,5983,9708,3512,63,9
2011,South Gloucestershire,E06000025,136531,759,225,13336,1133,368,395,943,1712,6427,2358,912,983,11797,22296,6642,5591,5819,8753,1632,7876,5972,10383,11461,16784,5169,117,24
2011,Swindon,E06000030,109499,272,79,12360,353,197,136,1680,1060,6644,2290,961,1250,8117,19787,7119,5344,5357,8231,1029,5848,6379,5001,8007,9872,4374,91,21
2011,Torbay,E06000027,56912,331,61,3764,421,139,57,700,540,1101,806,261,405,5116,10135,2216,5837,964,1133,954,2390,2257,3034,5024,9874,3092,50,14
2011,Wiltshire,E06000054,239216,4105,245,21693,2512,553,588,3484,2632,5966,5958,951,1685,17274,35563,8512,12266,10236,7601,3401,16091,10678,29723,22352,25598,10657,502,83
2011,East Devon,E07000040,59908,1836,73,3799,438,478,147,192,561,964,1019,508,514,5107,9766,2362,4342,1470,1410,876,3712,2527,4523,5613,8228,3128,97,17
2011,Exeter,E07000041,57139,189,48,2761,279,124,87,202,419,843,807,844,625,3961,9590,2725,4031,1699,1434,859,3772,2488,3783,6847,8671,2772,26,14
2011,Mid Devon,E07000042,38508,2338,48,3957,852,530,228,328,568,726,725,269,320,3451,6445,1814,1631,772,740,520,2365,1492,2012,3768,4748,1748,58,12
2011,North Devon,E07000043,44754,1939,50,4863,240,206,267,933,740,1317,1160,160,316,3813,7669,1290,4375,644,623,585,1935,1983,2510,4032,5850,2063,46,8
2011,South Hams,E07000044,39999,1395,117,2904,335,156,147,227,347,885,807,155,214,3469,5876,1310,3051,1028,679,754,2582,1698,2734,4587,5317,2052,62,15
2011,Teignbridge,E07000045,58962,1017,275,3987,454,278,109,406,651,1070,1019,368,506,5379,10246,2303,3930,1351,1265,966,3624,2463,3624,5860,8802,2906,76,14
2011,Torridge,E07000046,29402,2190,43,3363,426,85,129,458,580,898,787,88,198,2927,4896,1042,1924,418,396,381,1390,1109,1126,2630,3912,1322,42,5
2011,West Devon,E07000047,25241,1462,68,2102,630,53,58,141,253,394,573,99,227,2053,3684,938,1979,577,406,380,1432,925,1557,2649,3463,1187,44,9
2011,Christchurch,E07000048,20301,94,14,1618,78,38,31,154,259,715,343,50,118,1866,3469,865,1316,693,1125,463,1142,793,920,1938,2762,1034,16,5
2011,East Dorset,E07000049,40050,504,41,3820,229,88,51,322,684,1531,915,145,275,3818,6763,1436,1717,1323,2205,759,2532,1760,2096,3971,4766,2049,63,7
2011,North Dorset,E07000050,33432,1280,47,3504,629,94,63,200,566,1079,873,87,245,3172,4942,1082,1379,750,664,555,1740,1330,3383,3974,3378,1830,77,13
2011,Purbeck,E07000051,21419,423,139,1904,142,49,36,170,448,690,369,112,205,1838,2929,718,1780,523,643,339,1098,886,2027,1936,2583,1301,31,4
2011,West Dorset,E07000052,45714,1863,82,3999,663,308,83,157,581,1288,919,101,329,3810,6792,1228,3148,982,708,786,2565,1934,3680,4632,6652,2302,105,16
2011,Weymouth and Portland,E07000053,29987,147,84,2621,172,47,25,61,599,1112,605,80,262,2459,4653,1224,2708,540,385,444,1246,1091,3669,2632,4255,1450,30,7
2011,Cheltenham,E07000078,59183,132,102,5674,393,103,141,404,927,2547,1159,482,222,3510,8908,1434,3643,2908,3255,716,4136,2828,4958,6562,7082,2530,38,63
2011,Cotswold,E07000079,41529,1316,142,3445,249,112,112,214,639,1168,951,281,271,3335,6550,1272,3028,1836,1462,807,3531,1968,1854,4024,3850,2335,187,35
2011,Forest of Dean,E07000080,39068,986,70,5275,877,87,463,572,1024,1334,918,241,364,3721,6008,1578,1740,1069,1151,514,2031,1763,2289,3640,4808,1778,39,3
2011,Gloucester,E07000081,61374,143,69,6894,865,193,92,608,1059,2456,1621,826,422,4796,10513,2877,2924,1771,3437,654,2623,2752,4390,4915,9021,2318,24,5
2011,Stroud,E07000082,57342,768,137,7227,666,321,144,500,1241,2716,1639,880,594,4903,8076,1793,2597,2304,1884,727,4290,2397,2930,6111,7046,2597,64,17
2011,Tewkesbury,E07000083,41544,611,56,5132,372,81,122,542,861,2139,1015,385,280,2988,6117,1333,2132,1465,2113,522,2656,1827,3640,3866,4582,1764,38,37
2011,Mendip,E07000187,53845,1444,428,5511,1395,614,246,441,662,822,1331,116,445,4734,9297,2089,3372,1876,1068,702,3147,2183,2559,6214,5871,2676,95,18
2011,Sedgemoor,E07000188,54540,1053,87,6058,1687,266,207,791,829,972,1306,824,660,5010,10502,2407,3370,1109,1100,585,2695,2250,2788,5135,6538,2320,41,8
2011,South Somerset,E07000189,78771,2114,77,12543,2079,598,166,502,1455,6139,1604,210,467,6460,13607,2725,3760,1762,1128,961,3758,3118,5739,7038,9565,3575,124,40
2011,Taunton Deane,E07000190,54244,947,37,4046,760,208,145,492,504,722,1215,367,515,4012,9313,1770,2556,1224,1233,636,3232,2264,4762,5401,9520,2351,43,15
2011,West Somerset,E07000191,15355,862,17,966,149,58,189,130,107,115,218,164,126,1146,2349,455,2223,256,229,243,663,723,624,1371,1989,897,49,3
2011,Anglesey,W06000001,30431,932,62,2335,692,49,28,283,380,382,521,896,278,2687,4380,1597,2086,467,336,333,1091,978,2754,3401,4553,1249,10,6
2011,Gwynedd,W06000002,53961,1868,250,3150,776,123,133,407,372,456,883,581,584,5185,7812,1833,5300,1063,612,623,1977,1882,3465,6818,7922,2998,24,14
2011,Conwy,W06000003,50093,1041,132,2453,285,116,68,248,408,677,651,297,380,4105,8505,1849,4945,949,928,729,2315,1866,3560,5132,8368,2504,23,12
2011,Denbighshire,W06000004,41156,962,69,3737,435,96,200,372,545,1123,966,239,288,3482,5936,1592,2849,714,751,580,1694,1520,2733,4104,7850,2027,21,8
2011,Flintshire,W06000005,74049,685,177,14013,1761,242,954,1711,1875,4831,2639,496,775,5675,12053,3015,3849,1424,2949,669,3368,3258,4235,6374,8206,2800,19,9
2011,Wrexham,W06000006,63614,829,67,11643,2323,261,843,1359,1354,3408,2095,543,586,4379,9647,2725,3108,1163,1779,543,2475,2802,3843,5637,9264,2545,34,2
2011,Powys,W06000023,63653,5517,265,5814,849,348,428,490,1131,1329,1239,271,575,5942,9593,2203,4088,1132,911,753,2825,2300,4305,5871,8266,2941,72,9
2011,Ceredigion,W06000008,32446,2316,56,1695,629,64,87,142,158,131,484,135,229,2761,4795,996,2690,550,379,370,1440,968,1831,4998,4315,1904,11,7
2011,Pembrokeshire,W06000009,54217,2535,248,4116,378,144,86,1676,734,450,648,406,389,5805,8513,2194,4702,666,685,634,2235,1959,4010,5037,7289,2760,25,9
2011,Carmarthenshire,W06000010,80680,3338,218,7021,1498,197,161,542,1838,1749,1036,373,691,7223,13411,3096,4304,1357,1567,888,2915,2646,7311,8447,12524,3297,43,10
2011,Swansea,W06000011,102793,401,142,7389,607,145,220,915,2526,1469,1507,404,785,7360,17486,4158,6873,3045,3539,1370,4269,4142,9736,11338,15621,4675,40,20
2011,Neath Port Talbot,W06000012,58980,207,420,8534,267,154,274,613,4510,1589,1127,332,589,5088,8652,2435,2783,1074,1825,706,1872,2378,5768,5098,8672,2516,21,10
2011,Bridgend,W06000013,61259,250,158,8176,296,257,346,887,1957,2375,2058,386,698,5138,9833,2359,3382,1317,1924,629,2155,2463,5463,5466,8900,2528,24,10
2011,The Vale of Glamorgan,W06000014,58978,402,80,4145,273,89,113,809,743,719,1399,676,296,4424,8630,2811,3058,1575,2528,829,3477,2487,5747,6442,8567,2756,36,12
2011,Cardiff,W06000015,159614,132,75,8651,1402,220,113,860,1722,1665,2669,1997,1122,9274,23982,5419,11512,6470,8471,2301,10270,6766,12508,18969,22816,8780,58,41
2011,"Rhondda, Cynon, Taff",W06000016,99327,223,335,12477,991,308,254,2010,1531,3111,4272,856,1096,10317,14910,3877,4968,1750,2957,1114,3313,4058,7613,10040,15261,4124,21,17
2011,Merthyr Tydfil,W06000024,25099,38,94,3435,951,54,46,288,428,707,961,149,311,2314,3966,882,1221,567,523,304,715,1176,2163,2083,4211,938,6,3
2011,Caerphilly,W06000018,77488,199,140,12546,1944,427,512,1692,1952,2856,3163,659,1028,6636,11699,3024,3399,1476,2716,837,2928,3474,7086,7073,9629,2909,16,14
2011,Blaenau Gwent,W06000019,28291,84,76,5675,942,259,135,726,900,1834,879,165,421,2243,4290,1090,1301,294,470,325,567,1106,1992,2231,4904,1038,17,2
2011,Torfaen,W06000020,40261,115,30,5840,919,134,113,430,1101,2181,962,299,355,3536,6388,1631,1842,743,1203,855,1271,1617,3923,3571,5446,1568,23,5
2011,Monmouthshire,W06000021,42817,1216,40,4041,545,92,222,265,1072,1025,820,241,343,3249,6916,1512,2410,1356,1359,664,2695,1615,3138,4409,5636,1930,41,6
2011,Newport,W06000022,64408,207,42,6865,1009,104,205,436,2121,1643,1347,502,583,4470,11157,2924,4237,1852,3218,984,2749,2905,4980,5325,9006,2379,20,3
2011,Aberdeen City,S12000033,120214,288,10714,8324,1289,163,517,1652,1337,1585,1781,336,567,7225,18174,6664,8843,2934,1733,1021,12497,6114,4801,9823,15443,4669,40,4
2011,Aberdeenshire,S12000034,134950,5916,9951,13731,4120,319,460,1571,1822,2923,2516,729,858,11828,19383,6837,6519,2206,1720,1305,11224,4927,5795,10930,15936,5098,52,5
2011,Angus,S12000041,54825,2212,1295,5884,1092,681,280,991,728,1150,962,212,432,4979,8024,2088,2937,917,940,579,2411,1764,3910,4723,8894,2588,26,10
2011,Argyll and Bute,S12000035,41795,2047,308,2052,688,132,45,115,190,500,382,313,321,3586,4964,2369,4037,771,653,651,1692,1856,4804,3286,6154,1896,31,4
2011,Clackmannanshire,S12000005,23713,191,177,2716,784,131,184,246,741,257,373,199,257,2190,3945,1057,1238,461,911,187,783,1047,1956,2204,3160,1019,11,4
2011,Dumfries and Galloway,S12000006,70075,5433,326,6525,2199,475,632,903,617,639,1060,521,743,6087,11059,3710,4770,832,940,833,2234,2315,4297,5045,11412,2952,38,3
2011,Dundee City,S12000042,63390,191,338,4681,680,354,104,977,438,1022,1106,279,537,4412,11128,2342,4356,2244,1434,690,2371,2332,4561,6347,11930,3198,17,2
2011,East Ayrshire,S12000008,55542,1147,801,5934,1471,463,195,409,510,1634,1252,393,455,5241,8657,2650,2630,921,1548,456,1877,2568,3892,3753,10142,2454,23,0
2011,East Dunbartonshire,S12000045,50022,124,128,3108,561,120,83,315,337,838,854,388,255,4013,6876,2173,2097,1826,3132,836,3161,1625,3597,6016,8345,2307,13,2
2011,East Lothian,S12000010,48205,1000,142,2695,591,88,91,143,442,619,721,817,357,4055,6783,2059,2538,1016,3576,618,3008,1800,3580,3874,7305,2935,45,2
2011,East Renfrewshire,S12000011,42513,139,100,2672,409,131,55,289,249,866,673,454,203,2788,6614,1715,2033,1501,2467,767,3003,1450,3234,4983,6452,1923,10,5
2011,"Edinburgh, City of",S12000036,236912,565,604,8543,1872,317,205,817,713,2481,2138,1330,1172,11190,27801,8938,19367,9485,26128,3336,20491,10397,16064,24711,32881,13638,163,108
2011,Eilean Siar,S12000013,13363,627,221,721,268,205,12,40,100,27,69,62,121,1524,1536,1007,826,323,116,122,486,405,1040,1319,2390,515,1,1
2011,Falkirk,S12000014,76022,397,498,8929,1643,174,484,2518,1205,1630,1275,748,886,6873,12736,4026,3541,1644,3977,605,2635,3741,6181,4875,10466,3237,22,5
2011,Fife,S12000015,167326,1992,1338,17414,3101,594,1440,1770,2247,5491,2771,1090,1204,13672,24283,6902,9446,5022,8115,1605,6717,6812,13059,15069,24811,8690,61,24
2011,Glasgow City,S12000046,259766,239,506,14744,3822,740,436,1154,1463,3745,3384,1921,1637,17998,39387,12854,20337,10043,13383,3983,13915,13786,14946,23676,42418,13883,59,51
2011,Highland,S12000017,115270,4293,1414,7288,1788,206,632,1214,1324,629,1495,893,1515,11278,17219,5794,10533,2751,1447,1537,5150,4556,7655,8736,17521,5601,81,8
2011,Inverclyde,S12000018,35441,99,140,3616,397,138,90,294,196,1929,572,215,241,1886,5155,2002,1654,1754,1868,467,1227,1742,2345,2725,6652,1652,1,0
2011,Midlothian,S12000019,40702,325,124,2196,354,78,61,136,301,406,860,254,359,3769,6261,2104,1921,798,3157,443,2037,1801,3226,3275,6446,2181,19,6
2011,Moray,S12000020,45983,1479,1336,5545,3304,447,219,174,536,395,470,155,281,4180,6828,1921,2779,492,556,484,1627,1480,5485,3623,5855,1836,35,6
2011,North Ayrshire,S12000021,58855,589,411,6010,749,340,254,1186,859,1357,1265,929,596,5100,8955,3248,3627,1315,1667,572,2031,2656,3917,4304,9937,2967,22,2
2011,North Lanarkshire,S12000044,157853,397,512,15600,4289,480,358,1392,2349,3410,3322,1807,1349,15639,26409,10445,6910,4181,7484,1474,5001,8096,12205,10879,22684,6753,18,10
2011,Orkney Islands,S12000023,11319,1135,185,579,274,25,9,26,43,30,172,56,75,1236,1472,1035,729,130,110,73,508,306,611,931,1673,470,5,0
2011,Perth and Kinross,S12000024,72304,2734,346,4393,1464,251,209,388,432,592,1057,1922,752,6340,11259,2788,6241,1199,2900,953,3205,2762,4280,5776,10443,3947,62,2
2011,Renfrewshire,S12000038,82126,192,218,7741,1187,608,162,809,673,2550,1752,584,553,6357,12676,5391,4190,2277,3492,973,3573,3809,6080,6855,13313,3830,20,2
2011,Scottish Borders,S12000026,54598,3437,128,5508,891,1581,237,696,571,734,798,399,398,4640,8162,1841,3134,966,1440,915,2545,2024,3254,4317,8669,2721,93,7
2011,Shetland Islands,S12000027,12961,775,205,820,387,88,9,57,69,63,147,106,108,1426,1573,1315,713,143,90,72,459,409,856,1244,2056,584,7,0
2011,South Ayrshire,S12000028,50058,1116,283,4559,759,178,224,365,441,1514,1078,281,301,3503,8119,2889,3874,864,1300,510,1938,1711,3435,4067,8683,2593,27,5
2011,South Lanarkshire,S12000029,150954,1373,658,13784,2734,467,431,1222,1709,3769,3452,1795,1228,13699,24376,8256,6642,3936,7425,1751,6537,6604,12585,11523,21755,6961,55,11
2011,Stirling,S12000030,42171,843,190,2782,692,95,222,406,435,428,504,247,324,3633,6277,1454,3500,1056,2039,478,2206,1779,2957,4304,5750,2329,18,5
2011,West Dunbartonshire,S12000039,41004,94,120,3545,967,79,78,134,435,1185,667,295,349,3284,5749,2087,2575,871,1789,459,1233,2182,4116,3183,7027,2032,9,5
2011,West Lothian,S12000040,86663,513,263,9757,2872,328,298,1011,1112,2251,1885,455,772,6712,14782,5150,3638,4135,5968,767,3533,4408,6602,5578,10210,3394,20,6
2011,Antrim and Newtownabbey,N09000001,65564,733,98,6109,632,190,156,949,757,2324,1101,344,526,4445,12422,4019,3181,1896,2468,586,2639,2804,5602,5594,9320,2740,22,16
2011,Ards and North Down,N09000011,72458,1012,85,5259,680,326,92,537,637,1837,1150,335,410,4626,12134,2584,3695,2171,3030,865,3785,4123,8621,5878,10195,3573,56,21
2011,"Armagh City, Banbridge and Craigavon",N09000002,90066,2648,233,11942,3318,840,425,1894,1376,1824,2265,291,771,7722,16732,3697,4104,1621,2047,692,3738,3502,6335,7835,12480,3603,46,27
2011,Belfast,N09000003,140878,176,82,8456,1149,316,118,864,859,3337,1813,594,987,6088,24144,5731,9781,5905,6258,1662,8510,6527,12475,13963,21993,7433,59,54
2011,Causeway Coast and Glens,N09000004,58936,2160,171,5427,1590,189,230,471,981,1042,924,228,361,6077,10258,2019,3814,808,1340,623,2304,2277,4274,6190,7869,2681,29,26
2011,Derry Cityand Strabane,N09000005,55612,1323,113,4926,877,625,98,469,656,1444,757,222,423,4390,10081,1959,3202,1633,1709,594,1923,2629,3548,6004,8357,2505,28,43
2011,Fermanagh and Omagh,N09000006,49250,2713,430,4905,1162,182,314,231,1425,640,951,199,268,5533,8467,1629,2581,859,1540,357,1808,1422,2673,4791,7015,2010,31,19
2011,Lisburn and Castlereagh,N09000007,65155,687,76,5506,858,286,78,671,763,1660,1190,309,355,3858,11622,2208,2898,1940,2631,636,3505,2526,7465,5973,9984,2916,32,28
2011,Mid and East Antrim,N09000008,62885,1412,207,8056,1842,205,105,1241,880,2688,1095,581,564,5072,11031,3404,2949,1279,1897,540,2346,2499,4741,5322,8181,2763,25,16
2011,Mid Ulster,N09000009,61001,2822,294,10006,3335,313,307,555,2180,1485,1831,189,400,8067,9839,2118,2535,810,1171,377,2375,1641,2912,5711,7424,2254,39,17
2011,"Newry, Mourne and Down",N09000010,73458,2136,183,6480,1219,238,266,1166,987,1440,1164,216,727,9181,12654,2638,3963,1345,1902,572,3344,2497,4776,7308,10177,3285,55,19
